,title,description,date,aid,bvid,time,length,play,typeid,comment,view,danmaku,reply,favorite,coin,share,now_rank,his_rank,like,dislike,no_reprint,copyright,typename,section,sub-section
0,【香港真相大起底】暴力乱港实录,"【香港真相大起底】暴力乱港实录
来源：https://youtu.be/5--ZkniKXfU
https://weibo.com/7327928667/IgXRmiZMl",2019-11-20 12:48:34,76394931,BV1cJ411274r,1574254114,09:27,8992394,96.0,35208.0,8992581,209735,35208,325359,490507,358359,0,1,560603,0,1,1,星海-科技,科技,星海
1,今天新闻联播，12条连发批美国国会参议院通过“香港人权与民主法案”,"CCTV
全国人大外事委员会就美国国会参议院通过“2019年香港人权与民主法案”发表声明
外交部发言人就美国国会参议院通过“香港人权与民主法案”发表谈话
国务院港澳办强烈抗议和谴责美国国会参议院通过“香港人权与民主法案”
香港中联办就美国参议院通过“2019年香港人权与民主法案”发表声明
全国政协外事委员会就美国国会参议院通过“香港人权与民主法案”发表声明
外交部驻港公署负责人强烈谴责美参议院通过涉港议案
香港特区政府：对美参院做法极度遗憾
专家：美国双重标准 粗暴干涉中国内政
后面还有四条字数",2019-11-20 13:53:30,76410258,BV19J411174N,1574258010,13:58,800292,96.0,5398.0,800292,8098,5398,8295,12270,8393,0,0,56974,0,0,2,星海-科技,科技,星海
2,【中国有故事 第10集】一条铁路永流传,"什么是兄弟？
并肩战斗，患难与共。
我有难处时，你即使自己也身处困境，仍毫不迟疑地伸出援手。
有一条遥远的铁路，见证了这样一段兄弟情。
1976年，一条跨越“地球伤疤”东非大裂谷的铁路，建成通车。为了它，建设者们走“大象走的路”，在2米多高的草里穿梭；有的人牺牲时，连妻子刚寄来的布鞋都没来得及试穿……
无论挑战自然要付出什么代价，无论远离祖国有多少纸短情长，他们都义无反顾。因为，中国与非洲是好兄弟。
倒转时光的车轮，让我们回到近半个世纪之前，进入“阿中哥哥”当年的非洲故事……",2019-11-21 06:04:03,76467274,BV13J41127xi,1574316243,03:59,69992,124.0,17.0,69992,0,17,408,1662,226,0,0,10470,0,1,1,趣味科普人文-科技,科技,趣味科普人文
3,警方公布英驻香港总领馆雇员嫖娼审讯视频：不存在刑讯逼供,"来源：https://youtu.be/K5gIlWAheG4
https://weibo.com/2803301701/Ihfn6Bang
【警方公布英驻香港总领馆雇员嫖娼审讯视频：不存在刑讯逼供】就英方声称因嫖娼被深圳警方拘留的英国驻香港总领馆雇员郑文杰“遭酷刑”等不公正对待问题，深圳警方表示，郑文杰因违反《中华人民共和国治安管理处罚法》第六十六条规定，被警方处行政拘留15日，其对嫖娼的违法事实供认不讳。其半月内3次嫖娼，因觉丢脸选择不通知家人。",2019-11-21 09:13:38,76485537,BV1bJ41127Wb,1574327618,02:11,778339,96.0,2406.0,778339,1965,2406,2230,4597,3355,0,0,33379,0,1,1,星海-科技,科技,星海
4,中国人唱给美国的魔性RAP,"中国人唱给美国的魔性RAP
YouTube：https://youtu.be/jfblr3cM6h0",2019-11-21 14:48:08,76524390,BV1zJ411271R,1574347688,02:05,4792629,28.0,10023.0,4792689,11507,10023,268705,469804,72069,0,2,554046,0,1,1,原创音乐-音乐,音乐,原创音乐
5,【日本語吹替版】6年前のアニメは今の香港事件を予言しました,"sm35983053
前两天团团发了一个《这部动画曾因不切实际被人嘲讽，但6年后现实却打了所有人的脸！》的视频av75993929，得到了不错的反响。最近又小朋友发现在niconico上有网友对这个视频进行了日语翻译，咱们来看看有没有内味。sm35983053
youtube：https://youtu.be/eQpuLi85Uak",2019-11-22 02:42:11,76558189,BV1XJ411R714,1574390531,06:15,772741,27.0,2434.0,772744,2116,2434,7972,5510,3540,0,0,43712,0,0,2,综合-动画,动画,综合
6,【杜甫 | 剑器行  三无Marblue、祖娅纳惜、玄觞、以冬、竹桑、云泣】一舞剑器动四方！大道逢侠project,"作词：杜甫（唐）
作曲：西门振
编曲：西门振
演唱：三无Marblue，祖娅纳惜，玄觞，云の泣，以冬，竹桑
混音：小吴太太
尺八/笛子/箫：丁晓逵 
二胡：金玥
画师：小海浪、冷冻汤圆、慕白
美术：舒念慈
PV：小航
企划：汐音社

【合唱】
昔有佳人公孙氏，一舞剑器动四方。 
观者如山色沮丧，天地为之久低昂。 

【三无】
昔有佳人公孙氏，一舞剑器动四方。 
观者如山色沮丧，天地为之久低昂。 
霍如羿射九日落，矫如群帝骖龙翔。 
来如雷霆收震怒，罢如江海凝清光。

【祖娅纳惜】
绛唇珠袖两寂寞，晚有弟子",2019-11-23 10:00:54,76450224,BV1jJ4112768,1574503254,03:56,645517,28.0,2140.0,645521,3443,2140,41193,43048,5207,0,0,61221,0,1,1,原创音乐-音乐,音乐,原创音乐
7,香港警察：你们吃面包，我去吃海底捞！结果他们真去了……,"https://youtu.be/7TKePSVqios
香港警察：你们吃面包，我去深圳吃海底捞！结果他们真去了……还发了微博，带图的……",2019-11-23 14:36:26,76775549,BV1wJ411o73s,1574519786,00:50,7001286,96.0,10935.0,7001312,12966,10935,64813,48614,61808,0,10,330447,0,0,2,星海-科技,科技,星海
8,香港警务处处长邓炳强：香港警队有信心完成止暴制乱任务,"CNTV
专访香港特区政府警务处处长邓炳强：香港警队有信心完成止暴制乱任务",2019-11-24 05:09:19,76838810,BV1bJ411971u,1574572159,02:12,320052,96.0,764.0,320056,399,764,911,2029,369,0,0,25383,0,0,2,星海-科技,科技,星海
9,【天府事变】选择【唱给香港】,【未来尚可《选择》！唱给香港的说唱MV来了】这不是香港原有的样子，也不是香港未来的样子。“这是一段艰难的时间，你经受着考验。但是我也相信，你已经做出了最好的选择。”转发，行动起来不让香港再受伤！,2019-11-24 13:50:36,76877449,BV1SJ411972j,1574603436,02:16,1006369,28.0,1788.0,1006369,2503,1788,40254,74477,6822,0,0,101238,0,1,1,原创音乐-音乐,音乐,原创音乐
10,【团团有话说】“青春饭”，你还能吃多久？,"近日，《90后的青春饭，已经吃完了？》火爆网络，文中提出了“新媒体人的28岁，相当于普通职人的50岁”，谈到了在新兴行业工作的“年龄大”人员的窘境。文末留言，还有许多其他行业从业人员谈起了自己的“青春饭”。
青春饭，《辞海》中解释：曾意味着是吃“脸蛋儿”的职业。而新“青春饭”大多集中在新经济领域，更多是凭借自己的知识和才干。你认同吗？ 到底什么是“青春饭”？“青春饭”的保质期到底有多久？这碗饭到底该怎么吃？本期《团团有话说》征集了众多粉丝的评论，和大家谈谈这个陌生而又熟悉的“青春饭”。",2019-11-25 01:21:29,76947515,BV1VJ411R78w,1574644889,03:57,125063,21.0,894.0,125063,423,894,355,1638,320,0,0,10778,0,1,1,日常-生活,生活,日常
11,3分钟读懂《反家庭暴力法》,"全国妇联
3分钟读懂《反家庭暴力法》",2019-11-26 09:52:21,77107340,BV1HJ411X7Nx,1574761941,03:00,161388,124.0,1985.0,161388,333,1985,3366,2910,2824,0,0,25904,0,0,2,趣味科普人文-科技,科技,趣味科普人文
12,《华服抄》随风轻逸，莲步生情（绝美华服小姐姐MV付）,"原曲：锦鲤抄
华服小姐姐：东瓜嘀嘀
摄影：流云蕊
音乐出品：予你诗话工作室
字幕：-九老板-",2019-11-26 10:35:22,77087288,BV1NJ411X74i,1574764522,02:07,782431,158.0,2024.0,782432,1722,2024,36054,25130,6505,0,39,57922,0,1,1,服饰-时尚,时尚,服饰
13,【普通话X闽南话X客家话】国台办新任发言人朱凤莲亮相,"央视新闻
【普通话X闽南话X客家话】国台办新任发言人朱凤莲亮相",2019-11-27 07:04:07,77201944,BV1DJ411X7jW,1574838247,00:41,361031,21.0,2290.0,361032,965,2290,1516,2231,1300,0,0,27387,0,0,2,日常-生活,生活,日常
14,耿爽三次发问：这样的美国，能和中国相提并论吗？,"央视新闻
耿爽三次发问：这样的美国，能和中国相提并论吗？",2019-11-28 03:34:09,77290655,BV1KJ41197Fb,1574912049,04:37,1515836,96.0,4459.0,1515854,5869,4459,10796,12573,4906,0,0,78304,0,0,2,星海-科技,科技,星海
15,【《中国有故事》第11集】寻觅 “最早的中国”,中国发端于何时？中华民族的起源在哪里？为了弄清这些问题，考古队员们开启了一段“下了火车骑毛驴，一日三餐窝窝头”的日子。随着无数散落的陶片被拼接还原，“二里头”掩藏着的重大秘密逐渐显现出来：这里曾有中国最早的“紫禁城”。我们翻开这本3500年前留下的无字“地书”，去寻觅“最早的中国”……,2019-11-28 05:18:52,77298289,BV1MJ41197RZ,1574918332,03:21,93700,124.0,664.0,93700,141,664,636,1864,180,0,0,12315,0,1,1,趣味科普人文-科技,科技,趣味科普人文
16,一分钱也计较，医保代表“买菜式砍价谈判”替老百姓砍价,"央视新闻
【一分钱也计较，医保代表“买菜式砍价谈判”替老百姓砍价】央视独家记录医保药品目录谈判过程",2019-11-28 05:56:59,77303301,BV1JJ41197vm,1574920619,05:00,682085,21.0,4048.0,682085,3924,4048,7406,11881,5852,0,0,53576,0,0,2,日常-生活,生活,日常
17,耿爽谈反制美涉港法案：该来的早晚会来,"外交部
【耿爽谈反制美涉港法案：该来的早晚会来】美国总统特朗普签署“香港人权与民主法案”，中方表示将对美方进行坚决反制。对于记者关于反制措施是否立即出台的提问，耿爽表示：对于美方干涉中国内政、损害中方利益的行径，中方必将采取有力措施坚决反制。任何人都不要低估中方维护国家主权、安全、发展利益的坚定决心，也不要低估中方贯彻“一国两制”方针、维护香港繁荣稳定的坚定决心。至于反制措施有哪些、何时出台，请保持关注，该来的早晚会来。",2019-11-28 15:16:39,77363037,BV1mJ411D7R9,1574954199,00:46,465944,96.0,3082.0,465944,284,3082,1549,3109,1125,0,0,31289,0,0,2,星海-科技,科技,星海
18,【打击洋垃圾】大连海关退运3700余吨洋垃圾，中国不是洋垃圾的堆放场。,"海关发布
【走私洋垃圾入境，你的良心不会痛吗？】来源不明的旧衣服，沾满细菌，成为结核、霍乱等疾病的传染源；电子垃圾包含1000多种不同有毒有害物质成分……处理“洋垃圾”，使我们的河水被污染，土壤重金属超标，天空变得灰霾。大连海关退运3700余吨洋垃圾 ，中国不是洋垃圾的堆放场。打击洋垃圾，捍卫我们的“绿水青山”。",2019-12-02 09:19:12,77806424,BV1mJ411z7vo,1575278352,01:08,558550,21.0,1747.0,558551,715,1747,1817,3822,790,0,0,44349,0,0,2,日常-生活,生活,日常
19,【回放】展望2020的世界与中国【金灿荣、郑若麟、李绍先】,【回放】展望2020的世界与中国,2019-12-03 13:30:55,77929401,BV1yJ411q7LY,1575379855,102:15,853787,96.0,2201.0,853793,29232,2201,22187,19478,3810,0,57,35785,0,1,1,星海-科技,科技,星海
20,金灿荣：“印吹”“越吹”？,"金灿荣：“印吹”“越吹”？
完整版av77929401",2019-12-03 16:03:47,77975146,BV1mJ411q7Yk,1575389027,00:53,677517,96.0,5708.0,677520,1633,5708,4296,8084,2949,0,0,37213,0,1,1,星海-科技,科技,星海
21,【中国有故事】“糖丸”的味道,"【中国有故事 “糖丸”的味道】半个多世纪前，为了对抗大面积侵袭全国的流行病，在云南花红洞的一片荒山中，几位病毒学家默默炼起了“仙丹”。
饲养员饿得去偷实验猿猴的饲料做口粮；还有的研究人员不惜用自己年幼的孩子来做药物实验。
在这样艰苦卓绝的条件下，他们却成就了一项“甜蜜的事业”。",2019-12-05 02:22:54,78105054,BV1tJ411B7rD,1575512574,03:59,168780,124.0,1727.0,168781,1974,1727,3106,9033,1011,0,0,27071,0,1,1,趣味科普人文-科技,科技,趣味科普人文
22,华春莹：“9·11”事件殷鉴不远　美方不要好了伤疤忘了痛,"外交部
华春莹：“9·11”事件殷鉴不远，美方不要好了伤疤忘了痛。长期驱逐、屠戮和迫害印第安人，他们的良知在哪里？",2019-12-05 02:49:47,78108022,BV18J411B7jc,1575514187,01:00,1083802,96.0,2986.0,1083806,1424,2986,5627,4841,2248,0,0,41721,0,0,2,星海-科技,科技,星海
23,中国强大是利用美国的钱做到的？华春莹：太可笑了！,"【中国强大是利用美国的钱做到的？华春莹：太可笑了！】“外交部发言人办公室”消息，在12月4日外交部例行记者会上，有记者问：据报道，有美国领导人近日称，中国已非常强大，这很大程度上是利用美国的钱做到的。中方对此有何评论？
　　华春莹：这个说法太可笑了！环顾全球，这个世界上有哪个国家有能力用钱来重建一个中国？太可笑了！中国发展的成就可不是从天上掉下来的，也不是靠什么人、什么国家恩赐施舍的，而是全体中国人民用自己的勤劳、汗水、智慧和勇气干出来的。",2019-12-05 02:50:03,78107150,BV18J411B7z2,1575514203,00:56,132334,96.0,890.0,132334,162,890,552,1138,244,0,0,11473,0,0,2,星海-科技,科技,星海
24,华春莹请外国媒体把中国人民强烈呼声传递给美国普通民众,"外交部
华春莹：我刚听说今天美联社等几家外国媒体在直播。我想拜托你们，向普通的美国民众传递一个信息。你们知道中国的普通人是如何看待美国议会刚刚通过的这个愚蠢的法案吗？他们是这么看的：美国把阿富汗搞乱了，把伊拉克搞乱了，把叙利亚搞乱了，把也门也搞乱了，现在他们又想来搞乱中国的新疆和香港。这只是他们的一厢情愿和痴心妄想，绝对不可能得逞！我希望你们把中国人民发自内心的强烈呼声传递给美国普通民众。谢谢！",2019-12-05 02:59:04,78108476,BV18J411B7xD,1575514744,00:55,1105820,96.0,4159.0,1105826,1902,4159,5430,6179,1711,0,0,67658,0,0,2,星海-科技,科技,星海
25,【中国新疆 反恐前沿】CGTN特别呈现,"CGTN
【CGTN特别呈现：中国新疆 反恐前沿】中国新疆，位于亚洲中部的十字路口，极端主义和恐怖主义构成巨大挑战，代价则是人们的生命。这一切如何滥觞？政府与人民又会付出怎样的代价？请看CGTN纪录片《中国新疆 反恐前沿》↓警告：部分案件和画面属于首次公布，可能引起不适，请慎重观看。",2019-12-06 11:12:31,78266046,BV11J411i7Qf,1575630751,50:02,1419241,96.0,2410.0,1419251,0,2410,60578,34067,45507,0,0,99143,0,0,2,星海-科技,科技,星海
26,【杜锋】他们的故事，跟你的一样,,2019-12-07 01:00:57,78309491,BV1SJ411i7rS,1575680457,02:47,97037,124.0,298.0,97038,143,298,318,1478,246,0,0,12512,0,1,1,趣味科普人文-科技,科技,趣味科普人文
27,向佐：愿凭每一个香港人的努力，还原这颗东方之珠的光芒,【向佐：愿凭每一个香港人的努力，还原这颗东方之珠的光芒】出国留学被排斥，他努力用运动证明自己；回国后对武术感兴趣，经过6年的刻苦训练，得到了很多前辈的认可；乱港分子破坏香港，他积极发声守护香港。他用自己的亲身经历展现中国人不屈不挠的精神，和灼热的家国情怀。,2019-12-08 14:02:28,78562932,BV14J411v7mt,1575813748,08:19,223865,96.0,758.0,223865,595,758,1395,4373,648,0,0,26379,0,1,1,星海-科技,科技,星海
28,"我很失望！华春莹问""你们有谁看过吗？""，外媒无一举手","外交部
我很失望！华春莹问""你们有谁看过吗？""，外媒无一举手",2019-12-09 14:04:30,78676686,BV1jJ411y74u,1575900270,04:54,3588769,96.0,5377.0,3588838,26,5376,28261,33224,7920,0,8,200252,0,0,2,星海-科技,科技,星海
29,外交部：美国不仅是当今世界的超级大国，还是超级谎言制造者和散播者,"央视新闻
外交部：美国不仅是当今世界的超级大国，还是超级谎言制造者和散播者。",2019-12-10 12:18:48,78778449,BV1mJ411y71Q,1575980328,02:34,549701,96.0,2058.0,549702,943,2058,2467,3976,1245,0,0,40094,0,0,2,星海-科技,科技,星海
30,澳门城市大学《七子之歌--澳门》MV发布,"澳门城市大学
【暖心！澳门城市大学《七子之歌--澳门》MV发布】“你可知Macau，不是我真姓，我离开你太久了母亲……”1999年12月20日，五星红旗飘扬在澳门上空，离散400多年的游子—澳门终回祖国怀抱。澳城大师生献唱《七子之歌--澳门》，为回归大庆献礼，把对祖国母亲爱都唱进了歌里，一起来欣赏吧～",2019-12-11 11:16:49,78883934,BV1EJ411177J,1576063009,02:06,383870,31.0,1973.0,383870,1619,1973,9999,13131,2723,0,0,45451,0,0,2,翻唱-音乐,音乐,翻唱
31,【中国有故事第13集】“拉勾”的希望……,"【中国有故事第13集】“拉勾”的希望……
“拉钩上吊，一百年不许变！”这句童谣，地球人小时候都说过。可是，谁会因为这句话改变了一生？范明珠就是这样。在看不见曙光的日子里，一次简简单单的拉勾，曾经唤起了她所有的希望。“希望工程”不知不觉间，这项事业竟已迈过了30年时光。我们再次翻开那本旧相册，去追寻一个温暖的故事……",2019-12-12 00:30:45,78936132,BV1CJ411k7DN,1576110645,04:00,63193,124.0,154.0,63193,81,154,399,1589,294,0,0,11380,0,1,1,趣味科普人文-科技,科技,趣味科普人文
32,【启明|裂天、汐音社】年代有不屈天光，一笔一划写作华夏,"【启明|裂天、汐音社】年代有不屈天光，一笔一划写作华夏

企划/制作：汐音社
作词：公子无央
作曲/编曲：纪粹希
演唱：裂天
箫：丁晓逵
和声编写/和声：斯大王
混音：睡不着的大叔
剪辑：卿白
美术：舒念慈

向惊涛骇浪问何为东方？
环伺群狼或一些饭袋酒囊？
颤抖着听不得了的轨道上铁兽轰响，①
但年代永远有不屈天光。

被炮火与烟馆烧出苦相，
可你看虎门的烟杀至云上！②
有人敢孤勇地印出第一行世界真相，③
有人敢为时代背井离乡。④

你可还懂得东方？如果我少年依旧昂扬，
踏上夸父的步，赤掌学大圣之狂，
蔑",2019-12-12 09:00:48,78935440,BV1yJ411k73k,1576141248,03:49,183894,28.0,30.0,183896,0,30,9208,12103,1123,0,0,24345,0,1,1,原创音乐-音乐,音乐,原创音乐
33,82年了……,"当照片墙上的灯一盏盏熄灭，见证者正逐渐凋零，但这段悲痛的历史不容忘却！
愿逝者安息，和平永存……
制作：@江苏共青团、@南京师范大学团委",2019-12-12 16:00:04,78985363,BV1uJ411C7gF,1576166404,03:47,473203,37.0,4799.0,473203,5011,4799,10414,44806,11009,0,0,0,0,1,1,人文历史-纪录片,纪录片,人文历史
34,【藏】南京大屠杀死难者国家公祭日【风鸣社】,一段特殊的经历牵扯出了女主人公82年前的回忆。如今时光变迁，她所处的环境早已今非昔比，但是有些人却永远被留在了历史长河中。,2019-12-13 00:00:10,78993619,BV1cJ411C7Dg,1576195210,08:50,1268044,47.0,7488.0,1268045,24442,7488,76154,134633,16849,0,3,196977,0,1,1,短片·手书·配音-动画,动画,短片·手书·配音
35,【预告 | 关注青少年权益保护】儿童模特、涉童家暴、性侵未成年人……,【预告 | 关注青少年权益保护】儿童模特、涉童家暴、性侵未成年人……12月16日起每周一晚21：55分，由@共青团中央 权益部指导，中央广播电视总台社会与法频道推出的重点年度节目《成长启示录》正式开播。真实案例记录成长的故事，权威发布传递法治的力量。,2019-12-15 08:17:43,79364230,BV1xJ411k7uo,1576397863,00:31,61207,37.0,376.0,61207,21,376,228,1086,263,0,0,12381,0,1,1,人文历史-纪录片,纪录片,人文历史
36,美女科学家在团中央做化学实验！,美女科学家在团中央做化学实验！,2019-12-15 13:46:36,79410156,BV1zJ411k72H,1576417596,00:10,248041,124.0,780.0,248041,67,780,309,1332,384,0,0,16086,0,1,1,趣味科普人文-科技,科技,趣味科普人文
37,【团团直播间】青春助力中国 科技改变世界,【团团直播间】青春助力中国 科技改变世界,2019-12-16 07:40:36,79484201,BV1gJ41167rQ,1576482036,94:23,30012,39.0,80.0,30012,116,80,158,792,169,0,0,7769,0,1,1,演讲· 公开课-科技,科技,演讲· 公开课
38,2019王毅外长九大名场面,"燃新闻
2019王毅外长九大名场面",2019-12-16 08:36:35,79495965,BV1sJ41167as,1576485395,02:01,1400793,96.0,1782.0,1400810,2803,1782,23633,16915,4242,0,55,102460,0,0,2,星海-科技,科技,星海
39,【回放|团团直播间】青春奋进新时代 创新创业报国家,【回放|团团直播间】青春奋进新时代 创新创业报国家,2019-12-17 02:37:06,79576230,BV1mJ411678y,1576550226,85:17,30532,39.0,64.0,30532,36,64,132,810,215,0,0,7268,0,1,1,演讲· 公开课-科技,科技,演讲· 公开课
40,【成长启示录① 童模】“日入过万”的诱惑和隐忧,【日入过万、一年赚房？童模休学现象引社会热议】#成长启示录#深入调查童模行业，多位业内人士均表示“一年赚几套房”不是传说。在政府部门的监管下，童模行业正在日益走向规范，但在童模拍摄基地，仍有部分童模家长对相关规定和社会关注表示不理解，有的甚至继续让孩子休学工作。对此，专家提醒，应重新审视价值观和成功观，不能把挣钱和成功划等号，更不要忽视了孩子的身心健康！,2019-12-17 08:22:24,79604551,BV1oJ41167eh,1576570944,36:01,176091,37.0,2815.0,176091,2937,2815,1726,2123,924,0,0,16627,0,1,1,人文历史-纪录片,纪录片,人文历史
41,双倍快乐！耿爽、吴谦同框,"燃视频
双倍快乐！耿爽、吴谦同框",2019-12-18 02:38:04,79694367,BV1fJ41147wG,1576636684,01:04,882552,96.0,1204.0,882572,1611,1204,6196,5100,925,0,77,61435,0,0,2,星海-科技,科技,星海
42,【青课2019】探寻中华文明源头,"大家都知道中华文明是号称有5000年的文明史，但是这种5000年的文明史究竟是历史的真实，还是只是个传说，有什么根据？作为考古学家，有责任通过考古的资料，来探寻中华民族早期的历史，这也是我领衔做15年“中华文明探源工程”的初衷。所以今天我主要向大家介绍最近这些年一些重要的考古发现，介绍5000年前后中华文明是怎么样由孕育到初步的萌芽产生发展的。

今天让我们走进《青课》——中国考古协会理事长王巍《探寻中华文明源头》。",2019-12-18 07:03:04,79715114,BV1RJ41147ta,1576652584,64:05,90145,39.0,941.0,90145,996,941,2965,2501,567,0,0,14129,0,1,1,演讲· 公开课-科技,科技,演讲· 公开课
43,【中国有故事 第14集】国宝又“活”了,"有一件国宝，既“上得厅堂”，又“下得厨房”。它被称为“新中国第一份国礼”，也是老百姓饭桌上冒着热气的涮肉小锅。就是这么一件值得被“安利”的好物，在70多年前，差点儿消失不见。
但国宝就是国宝，即使“隐匿”在老北京的地摊儿上，也能让人一眼发现，爱不释手。一对夫妻听闻它的身世，更是当机立断，决定挽救。
这对独具慧眼的夫妻是谁？他们带上爱徒决心挽救的是什么样的国宝级工艺？让我们跟随讲述人去描摹景泰蓝重生的故事。",2019-12-19 06:12:36,79825061,BV1BJ411t7Sw,1576735956,04:00,70238,124.0,228.0,70238,127,228,558,1516,237,0,0,12398,0,1,1,趣味科普人文-科技,科技,趣味科普人文
44,【溯梦·归乡】澳门回归20周年纪【Braska、昼夜、流浪的蛙蛙、裂天】,"溯梦•归乡
——纪念澳门回归20周年
出品：广东共青团
作词：青娱-刘玲瑜
作曲：青娱-易凌
演唱：Braska 昼夜 流浪的蛙蛙 裂天
制作：青娱文化
（Braska）
君可知 我本华夏少年郎   
先秦钦点稚子 南海濠镜澳登堂
（昼夜）
慈母膝前 崇德向善 礼祀炎黄
未曾想 少小离家 跟随烽烟流浪

（流浪的蛙蛙）
妈祖阁前 当时未解沧桑
渔港落霞晚  舸舰(gě jiàn)始向东方
（裂天）
少年有志 披肝沥胆 携剑抗列强
将“执着不屈”纹于最滚烫胸膛

（Braska&昼夜）
听海月乘风 将碧螺吹",2019-12-19 12:20:40,79829637,BV16J411t7gd,1576758040,04:25,101637,28.0,601.0,101637,375,601,5005,7075,1252,0,0,19366,0,1,1,原创音乐-音乐,音乐,原创音乐
45,【澳门回归20周年】你可知Macau不是我真姓……,【澳门回归20周年】你可知Macau不是我真姓……,2019-12-19 14:24:22,79878959,BV11J411t7gs,1576765462,12:52,204658,96.0,0.0,204658,0,0,3748,7610,1333,0,0,28430,0,1,1,星海-科技,科技,星海
46,习近平与大家合唱《歌唱祖国》,"CCTV13
庆祝澳门回归20周年晚会，习近平与大家合唱《歌唱祖国》",2019-12-19 15:57:24,79892426,BV1fJ411t736,1576771044,01:21,1021573,96.0,63.0,1021593,0,63,11109,21499,4066,0,39,108137,0,0,2,星海-科技,科技,星海
47,《守护》 庆祝澳门回归20周年,"守护

一生沐你荣光  我们守护着爱
用千年和万里  注释你的胸怀
你的名字 给我骄傲 和无尽的豪迈
长路漫漫 不负时光 赴下一场山海

原来有一种爱 可将冰山劈开
原来这一种爱 都可创造未来
从前我最 爱看星空 闪出璀璨的梦
让我再次 放眼天空 情义无限放送

守护着爱 与梦同在
同根同祖同血脉 龙的丰采
守护着爱 彼此依赖
不弃不离不徘徊 放飞期待

冥冥之中注定 我们守护着爱
用青春和热血 铸就所有精彩

无穷智慧 满布心中 创出不朽的梦
步履我会 去放轻松 爱心全力播种

守护着爱 与梦同在 
同",2019-12-20 01:00:50,79881097,BV12J411t7oY,1576803650,04:25,86681,28.0,347.0,86681,282,347,1222,2631,604,0,0,16500,0,1,1,原创音乐-音乐,音乐,原创音乐
48,【Rap】我的名字叫澳门（Ao Men）,"【Rap】我的名字叫澳门（Ao Men）
https://youtu.be/3AETy1O9RRQ",2019-12-20 02:00:08,79882303,BV12J411t7uh,1576807208,02:36,491467,28.0,1240.0,491467,1497,1240,18015,24604,2485,0,0,57080,0,1,1,原创音乐-音乐,音乐,原创音乐
49,习近平：中国内政用不着任何外部势力指手画脚,"人民日报
习近平：我要在此强调的是，香港、澳门回归祖国后，处理这两个特别行政区的事务完全是中国内政，用不着任何外部势力指手画脚。中国政府和中国人民维护国家主权、安全、发展利益的意志坚如磐石，我们绝不允许任何外部势力干预香港、澳门事务！",2019-12-20 03:31:37,79922533,BV1uJ411b74K,1576812697,01:03,1647675,96.0,1541.0,1647759,1,1541,11622,29351,4238,0,0,159454,0,0,2,星海-科技,科技,星海
50,2019年国防部霸气回应合集,"中国军视网
2019年国防部霸气回应合集",2019-12-20 18:42:02,80023520,BV1ZJ411x7EU,1576867322,01:44,436832,96.0,862.0,436833,700,862,7178,5707,1678,0,0,35458,0,0,2,星海-科技,科技,星海
51,今日冬至，吃饺子还是吃汤圆？,今日冬至，吃饺子还是吃汤圆？,2019-12-22 07:26:26,80218478,BV17J411s7KN,1576999586,05:30,103183,124.0,2784.0,103183,960,2784,457,1946,675,0,0,15769,0,1,1,趣味科普人文-科技,科技,趣味科普人文
52,【成长启示录②】事实孤儿的伤与痛,【中国青少年权益保护年度报告#成长启示录#之事实孤儿的伤与痛】父母没有双亡，但家庭没有能力或没有意愿抚养的儿童，均属于“事实无人抚养儿童”，即通常所说的事实孤儿。据不完全统计，事实孤儿在全国有50万名左右。因名义上父、母尚在，事实孤儿难以获得与孤儿相同的保障，为解决这一困境，在多部门的联合推动下，相关国家政策逐步出台，从2020年1月1日开始，全国所有事实孤儿将全面纳入保障范围。,2019-12-24 06:55:01,80454407,BV1hJ411x7b9,1577170501,36:01,68079,37.0,830.0,68079,871,830,818,1972,546,0,0,12314,0,1,1,人文历史-纪录片,纪录片,人文历史
53,【中国女排】演员表-自己演自己,"中国女排
【中国女排】演员表-自己演自己",2019-12-25 01:22:40,80563870,BV13J411W7hB,1577236960,02:03,567110,184.0,1750.0,567110,1250,1750,5319,4941,3744,0,88,43109,0,0,2,预告 资讯-影视,影视,预告 资讯
54,【国之重器 - 2019中国制造日主题曲】此生有幸入华夏，来世还愿种花家【囚牛】,"【国之重器 - 2019中国制造日主题曲】此生有幸入华夏，来世还生种花家【囚牛】
作词：正版墨大筝
作曲：囚牛牛
编曲：捉影iris
演唱：囚牛牛
二胡：陆二胡
笛箫：囚牛牛
混音：策划师文雨
画师：七果z、不喜欢吃树叶的考拉
PV：长风师叔

此东方欲晓 试比高 点灯天宫
生荣 何须问苍穹
有光年以外 尽收在 天眼之中
幸而悟得 无垠星~空
入海寻蛟龙
华丽的绮梦
夏有秋收 冬有春风

来则同去 去则无惧
世间万险炼英雄
还当励精坚毅 报之以 天下皆器重
愿我热血 得荐轩辕
种那一片耀眼红
花时遍游家园",2019-12-25 16:00:04,80608035,BV1xJ411W7nq,1577289604,03:34,467459,28.0,1710.0,467462,3064,1710,27211,37053,4039,0,41,54955,0,1,1,原创音乐-音乐,音乐,原创音乐
55,【中国有故事 第15集】猜爸爸,“猜猜哪个是爸爸”，这个游戏有一群孩子经常玩。不用蒙眼睛，随便看，各位爸爸就站在眼前，却根本分不清谁是谁。年幼的孩子们无法想象矿井下的辛苦与危险。但有一个男孩，从爷爷布满皱褶的脸上和爸爸青筋纵横的手背上依稀见过了煤矿的样子，从此在心中埋下了一颗传承的种子。跟随着一盏晃动的矿灯，我们走过祖孙三代的人生岁月，见证了一段魔术般神奇的变迁……,2019-12-27 06:47:58,80842696,BV1DJ411Y76k,1577429278,04:00,62515,124.0,134.0,62515,76,134,237,1140,233,0,0,10241,0,1,1,趣味科普人文-科技,科技,趣味科普人文
56,【美国“贼喊捉贼”】2019年12月国防部例行记者会,"国防部
国防部：美国“贼喊捉贼”，美方官员对中方的无端指责，字字句句说的都是美国自己。",2019-12-27 09:51:14,80864313,BV1UJ411Y7rK,1577440274,44:38,278872,96.0,1147.0,278873,2672,1147,2444,3577,716,0,0,24016,0,0,2,星海-科技,科技,星海
57,【回放】2019第四届中国制造日,【回放】2019第四届中国制造日,2019-12-27 13:10:21,80860654,BV1mJ411Y7bR,1577452221,335:54,176583,96.0,738.0,176584,4221,738,2916,2846,1000,0,0,13033,0,1,1,星海-科技,科技,星海
58,长征五号零问题归来！全网最好懂视频带你看它有多牛,"出品：科普中国
制作：中国科普博览
监制：中国科学院计算机网络信息中心
12月27日20时45分，长征五号遥三运载火箭在中国文昌航天发射场点火升空，2000多秒后将实践二十号卫星送入预定轨道，发射飞行试验取得圆满成功。此次发射飞行试验主要考核长征五号火箭总体方案、各分系统方案的正确性、协调性，对后续航天任务的相关关键技术进行验证。",2019-12-27 15:32:29,80904696,BV13J411e7dA,1577460749,06:29,168200,124.0,961.0,168200,967,961,1472,3961,1053,0,0,19413,0,1,1,趣味科普人文-科技,科技,趣味科普人文
59,现实版战狼！老兵战乱中护送244名同胞回国,"央视军事
【现实版战狼！老兵战乱中护送244名同胞回国】穿越子弹横飞的地带，三次深入危险区域实施营救…在1991年索马里战乱中，他不眠不休两天一夜，往返1200公里上演生死时速，护送244名同胞返回祖国。他是老兵王粤，是中国同胞眼里的现实版战狼！聆听这段惊心动魄的经历↓",2019-12-29 12:22:14,81181085,BV1RJ411a7Ab,1577622134,01:29,225022,96.0,1055.0,225022,276,1055,2134,2781,821,0,0,27941,0,0,2,星海-科技,科技,星海
60,【阅兵BGM】庆祝中华人民共和国成立70周年典礼阅兵曲音乐会,"央视军事
庆祝中华人民共和国成立70周年典礼阅兵曲音乐会",2019-12-29 14:59:34,81199913,BV1cJ411Y7or,1577631574,90:22,256833,29.0,2051.0,256835,5210,2051,13047,6431,2335,0,0,26601,0,0,2,音乐现场-音乐,音乐,音乐现场
61,【洛天依】化学生僻字,"人声版：av51512280

化学悠久的历史
千百万次实验总结定律公式
是世界的诠释
化学神奇的历史
每颗原子都是故事
~~~~~~~~~~~~~~~~
磷在夜空化作一道光
门捷列夫见微知彰
七横十八纵族列周行
氢锂钠钾铷铯~钫
Wo~~~
质子中子
Wo~~~
核外电子
Wo~~~
结构决定性质
氢(qīng)氦(hài)锂(lǐ)铍(pí)硼(péng)碳(tàn)氮(dàn)氧(yǎng)
氟(fú)氖(nǎi)钠(nà)镁(měi)铝(lǚ)硅(guī)磷(lín)硫(liú)
氯(lǜ)氩(y",2019-12-30 03:47:43,81248937,BV1KJ411Y7kY,1577677663,03:40,804316,30.0,2943.0,804319,7789,2943,36429,32451,12956,0,22,69990,0,1,1,VOCALOID·UTAU-音乐,音乐,VOCALOID·UTAU
62,【回望2019】当我想起英雄,【回望2019】当我想起英雄,2019-12-31 10:00:27,81394908,BV1MJ411h7p3,1577786427,03:22,77112,96.0,9.0,77112,0,9,2933,4858,1099,0,0,15591,0,1,1,星海-科技,科技,星海
63,国家主席习近平发表二〇二〇年新年贺词,"央视新闻
国家主席习近平发表二〇二〇年新年贺词",2019-12-31 12:39:36,81466586,BV1rJ411h7Ba,1577795976,14:52,740462,96.0,64.0,740463,0,63,22229,40977,12938,0,29,134263,0,0,2,星海-科技,科技,星海
64,【小连杀】摇头的2019年 | 野狼2019Disco,"【小连杀】摇头的2019年 | 野狼2019Disco



2019 成年人抹去泪流
车厘子会自由 过年吃上了猪肉
奔三的90后 不再去ICU
给老舅多夹菜 别光喝酒

坐过漏油奔驰车
用过糊脸不粘锅
我的名字都不属于我
躺枪的却是我

那个水中的跪族
这个数典却忘祖
练习时长有两年半
不如唱跳rap

下一个
轮到你
你还买不买小米
到底人类的本质
套娃还是复读机
我上辈子 有可能就是一道数学题
上海阿姨总问你是 什么垃圾


来 左边 跟我一起盖个楼
在你右边 卖个窝窝头
来 左边 跟我一起卖窝头
",2019-12-31 16:00:54,81414764,BV15J411h7ZU,1577808054,03:39,242013,31.0,914.0,242013,5970,914,9713,27692,4794,0,0,35255,0,1,1,翻唱-音乐,音乐,翻唱
65,【今日最燃】2020元旦升国旗仪式,"CNTV
【今日最燃】2020元旦升国旗仪式",2020-01-01 01:18:50,81564926,BV1hJ411b7ci,1577841530,10:35,600380,96.0,2953.0,600385,27924,2953,12690,24161,5194,0,22,81576,0,0,2,星海-科技,科技,星海
66,【风华引丨小缘/三无/祖娅纳惜/白止】2020新年献曲『人声本家』,"vc本家av81421041
-出品-
广东共青团
-制作-
策划统筹：音喵工场
音乐制作：联合麦田
视频制作：TS映画
-STAFF-
策划：CARDINAL星海
作曲：依溪禾
作词：冥凰
演唱：小缘/祖娅纳惜/三无Marblue/白止
编曲：依溪禾
混音：Digifan
后期：孤寂code
母带：祖娅纳惜
分镜：夏洛
绘画：阿水A梦
PV：夏洛
美工：绾竹
艺人统筹：CARDINAL星海
视觉统筹：竹浣reboot
和声设计：祖娅纳惜/依溪禾
作诗：St
协力：大凌
出品：广东共青团

【歌词】
当那",2020-01-01 02:00:57,81423028,BV17J411h7pU,1577844057,04:09,361331,28.0,1322.0,361334,3015,1322,18806,24376,2492,0,91,40718,0,1,1,原创音乐-音乐,音乐,原创音乐
67,【风华引丨洛天依/乐正绫/言和/乐正龙牙】2020新年献曲,"简介
人声本家av81423028
-出品-
广东共青团
-制作-
策划统筹：音喵工场
音乐制作：联合麦田
视频制作：TS映画
-STAFF-
策划：CARDINAL星海
作曲：依溪禾
作词：冥凰
演唱：洛天依/乐正绫/言和/乐正龙牙
编曲：依溪禾
混音：Digifan
后期：孤寂code
母带：Digifan
分镜：夏洛
绘画：阿水A梦
PV：夏洛
美工：绾竹
调教：郑射虎
艺人统筹：CARDINAL星海
视觉统筹：竹浣reboot
和声设计：祖娅纳惜/依溪禾
作诗：St
协力：大凌
出品：广东共青团
",2020-01-01 02:00:57,81421041,BV17J411h7Zd,1577844057,04:09,226904,30.0,1178.0,226906,1875,1178,18919,19302,1934,0,0,32414,0,1,1,VOCALOID·UTAU-音乐,音乐,VOCALOID·UTAU
68,【团团有话说】新年快乐！,【团团有话说】新年快乐！,2020-01-01 04:00:11,81580966,BV1xJ411b7ka,1577851211,03:51,83011,21.0,400.0,83011,257,400,312,1718,321,0,0,14285,0,1,1,日常-生活,生活,日常
69,新年快乐 · 香港  戴天抒,新年快乐 · 香港  戴天抒,2020-01-01 06:33:50,81605797,BV1CJ411b7Vn,1577860430,03:26,190432,28.0,1375.0,190432,560,1375,3122,5086,889,0,0,24542,0,1,1,原创音乐-音乐,音乐,原创音乐
70,【成长启示录③】性侵未成年人事件调查,【成长启示录③ 性侵未成年人事件调查】@央视社会与法 #成长启示录#中，回忆起女孩跳楼瞬间，当事民警哽咽到采访中断……对如此惨痛的案例，我们绝不回避！近期，《未成年人保护法修订草案》提出将健全相关防控和处置制度，最高人民检察院提出试行未成年人性侵案件“一站式取证”，公安部部署打击治理性侵违法犯罪专项行动，进一步探索性侵预防和一旦性侵发生后如何及时有效处理，保护未成年人的合法权益。,2020-01-02 03:19:07,81730997,BV1nJ41187Gm,1577935147,36:01,354033,37.0,2173.0,354033,8950,2173,5503,4825,2392,0,0,27017,0,1,1,人文历史-纪录片,纪录片,人文历史
71,【中国有故事 第16集】谁不想当“孙大圣”,【中国有故事 第16集】谁不想当“孙大圣”,2020-01-02 06:05:59,81744191,BV1jJ411877E,1577945159,03:57,80190,37.0,884.0,80190,416,884,486,1892,398,0,0,12718,0,1,1,人文历史-纪录片,纪录片,人文历史
72,【走你】山东舰版航母style┏ (゜ω゜)=☞,"央视军事
【走你】山东舰版航母style┏ (゜ω゜)=☞",2020-01-03 08:21:21,81895133,BV1yJ411j7kF,1578039681,00:39,294065,96.0,1301.0,294065,573,1301,1117,1706,489,0,0,20243,0,0,2,星海-科技,科技,星海
73,【燃！2020陆军MV】战斗吧，人民陆军！,"人民陆军
【燃！2020陆军MV】战斗吧，人民陆军！",2020-01-03 09:04:32,81900078,BV1UJ411j7TJ,1578042272,03:00,445300,96.0,73.0,445303,0,73,9040,8432,1865,0,0,39349,0,0,2,星海-科技,科技,星海
74,外交部：伊朗军官遇袭身亡 中方反对在国际关系中使用武力,"CNTV
外交部：伊朗军官遇袭身亡 中方反对在国际关系中使用武力",2020-01-03 09:47:40,81906966,BV1BJ411j7vR,1578044860,00:56,501055,96.0,2575.0,501055,550,2575,1049,1624,879,0,0,25157,0,0,2,星海-科技,科技,星海
75,【2020海军陆战队】比电影更真实，现实版红海行动,"当代海军
【2020海军陆战队】比电影还好看，真实版红海行动",2020-01-04 01:59:26,81987124,BV15J41177pi,1578103166,01:39,593484,96.0,1134.0,593486,1025,1134,5351,5210,1510,0,0,36519,0,0,2,星海-科技,科技,星海
76,【军车逮虾户】解放军在线漂移2P逮虾户,"中国军视网
【军车逮虾户】解放军在线漂移2P逮虾户",2020-01-05 07:59:17,82178105,BV1pJ411L7uZ,1578211157,04:52,748752,96.0,1612.0,748754,2772,1612,6171,5807,4167,0,0,42998,0,0,2,星海-科技,科技,星海
77,【青课2019】马克思主义与21世纪中国横版,【青课2019】马克思主义与21世纪中国横版,2020-01-05 08:17:24,81902288,BV1mJ411j7xf,1578212244,58:08,108495,39.0,17.0,108495,0,17,3051,2582,856,0,0,13640,0,1,1,演讲· 公开课-科技,科技,演讲· 公开课
78,【成长启示录④】未成年人家庭暴力调查,【探究未成年人遭受家庭暴力之痛，《成长启示录》带您关注“荆棘童年”】充斥暴力的童年，将会成为孩子一生的隐痛，然而长期以来，未成年人遭受父母殴打、虐待的案件却时有发生。今晚21点55分播出的#成长启示录#第四期，与您一起走近那些“不打不成器”背后的“荆棘童年”，共同探究如何给遭受家庭暴力的孩子们一个温暖的家！,2020-01-06 10:55:59,82329033,BV1vJ411V7fr,1578308159,36:01,69035,37.0,1211.0,69035,1663,1211,1007,1765,750,0,0,14119,0,1,1,人文历史-纪录片,纪录片,人文历史
79,特朗普2011年预言：总统为了连任跟伊朗开战,"每日秀
特朗普2011年预言：总统为了连任跟伊朗开战",2020-01-08 03:52:41,82536978,BV18J411572i,1578455561,00:42,1988858,96.0,4309.0,1988863,2869,4309,36325,22788,77783,0,5,110738,0,0,2,星海-科技,科技,星海
80,周总理说：我们的目标是,今天是周恩来同志逝世44周年。您未竟的事业就交给我们吧！缅怀，致敬！,2020-01-08 05:33:14,82546796,BV1yJ41157qi,1578461594,01:17,1034538,96.0,4005.0,1034539,0,4005,16096,25987,3204,0,0,88982,0,1,1,星海-科技,科技,星海
81,【青课2019】秦汉帝国强盛密码,【青课2019】秦汉帝国强盛密码,2020-01-09 04:33:00,82666410,BV18J411G7YV,1578544380,65:25,107854,39.0,678.0,107854,1370,678,2719,2163,529,0,0,12404,0,1,1,演讲· 公开课-科技,科技,演讲· 公开课
82,【中国有故事 第17集】 时光照相馆,【中国有故事 第17集 时光照相馆】你知道上世纪50年代最有名的“网红照相馆”在哪吗？“打卡地”是周恩来总理亲自选定的，总理本人也曾亲自来到这里排队体验。为什么会有无数当时的名流选择走进去，而越来越多的普通人也选择来这里？     来到这里，就像是走进一台“时光机”，照片从黑白到彩色，女同志告别裤装，穿上裙装，婚纱照开始流行。一次次快门和闪光灯下，定格的是面孔，是回忆，是多彩的人生。     一间小小的影棚，见证了中国社会的变迁。中国老百姓爱美的时代从这里开始，无数人在这里留下了珍贵的记忆。,2020-01-09 07:32:27,82689454,BV11J411G7Ee,1578555147,03:59,72961,124.0,16.0,72961,0,16,324,1325,354,0,0,10876,0,1,1,趣味科普人文-科技,科技,趣味科普人文
83,【人间值得】每天一遍，防止抑郁,"投稿：快手出品
素材来源：快手APP
生活如果有真相，就是活出自己的模样",2020-01-11 04:30:14,82943583,BV1TJ411p74P,1578717014,03:22,1020463,21.0,2542.0,1020464,2799,2542,53762,71347,12080,0,37,126491,0,1,1,日常-生活,生活,日常
84,逆行者！民警举盾牌冲进滚石区救人,"中青网
【逆行者！民警举盾牌冲进滚石区救人】1月9日，西藏林芝，受持续雨雪天气影响，滇藏新通道大流沙区域出现大面积滑坡。一辆面包车通过此路段时，不幸被飞石砸中，车上7人被困。3名警察用盾牌为掩体逆行冲进滚石区，成功解救被困群众。",2020-01-13 08:17:03,83251570,BV1XJ411n75c,1578903423,00:48,636288,21.0,1448.0,636291,1614,1448,4781,9334,943,0,92,68231,0,0,2,日常-生活,生活,日常
85,外交部：青蛙的鼓噪，岂能阻止牛到河边饮水,"外交部发言人办公室
【外交部：青蛙的鼓噪，岂能阻止牛到河边饮水】非洲有一句谚语叫做“青蛙的鼓噪，岂能阻止牛到河边饮水”。不管个别国家或个别人如何攻击抹黑，中方都将始终秉持“共商共建共享”原则，同非方一道，推动高质量共建“一带一路”在非洲走深走实，结出更多硕果，更好造福非洲和非洲人民。",2020-01-13 14:26:07,83303652,BV1jJ411H7eV,1578925567,02:27,678975,96.0,2502.0,678976,1863,2502,2794,3822,1164,0,0,43851,0,0,2,星海-科技,科技,星海
86,基建狂魔的浪漫与柔情,"投稿：中建装饰集团
每个人都有一个英雄梦想
他们可能很平凡
看起来毫不起眼
但追梦
让每个平凡的人变得伟大

他们是城市奇迹的创造者",2020-01-14 04:03:54,83350215,BV1pJ411H7b9,1578974634,06:10,295549,96.0,967.0,295551,917,967,3369,4518,853,0,0,26461,0,1,1,星海-科技,科技,星海
87,【成长启示录⑤】闹市抢劫，1小时疯狂作案六起！16岁男孩为何走上歧途？,【闹市抢劫，1小时疯狂作案六起！16岁男孩为何走上歧途？】2019年8月，一系列发生在闹市街头的蒙面抢劫案轰动了湖北省黄石市：一名身材魁梧、穿着怪异的男子，在繁华地段公然持刀抢劫，随着警方的深入调查，案情也浮出水面……,2020-01-14 06:08:04,83358880,BV1sJ411H787,1578982084,36:03,137935,37.0,686.0,137935,1128,686,670,1281,562,0,0,12925,0,1,1,人文历史-纪录片,纪录片,人文历史
88,于敏逝世一周年：我过去学的所有东西都可以抛掉，全力以赴搞出氢弹,"人民日报微博
于敏逝世一周年：我过去学的所有东西都可以抛掉，全力以赴搞出氢弹",2020-01-16 03:23:28,83627509,BV1eJ41177Tb,1579145008,00:57,363315,96.0,1361.0,363323,2093,1361,5825,10109,1390,0,0,55066,0,0,2,星海-科技,科技,星海
89,【缅怀于敏 · 生前采访】两弹一星功勋科学家 于敏,"CCTV10
【缅怀于敏 · 生前采访】两弹一星功勋科学家 于敏
他是“两弹一星”功勋奖章得主、国家最高科学技术奖获得者、改革先锋奖章获得者于敏。为国家隐姓埋名几十年，“我们为什么一定要搞出氢弹来”，这是他的回答↓↓今天，于敏逝世一周年，致敬民族脊梁！",2020-01-16 04:47:46,83636827,BV1BJ41177mM,1579150066,24:00,73365,96.0,88.0,73366,8,88,1867,2586,701,0,0,24073,0,0,2,星海-科技,科技,星海
90,【中国有故事 第18集】我家有座“争气桥”,你知道50多年前南京最火爆的“打卡地”吗？为了观看它的通车典礼，人们挤掉的鞋子就装了两卡车！这里是美国桥梁专家断言不可能造桥的南京，这里是长江“天堑”，在那个只有普通潜水设备的年代，如何突破极限下潜到水下70米施工？如何锻造能承载大桥的国产优质钢材？中国人独立自主建造长江大桥，看起来是不可能实现的任务。这场与时间赛跑、与自然对抗的“战争”，当年的建设者如何实现逆风翻盘？它又为什么被叫作“争气桥”？南京长江大桥开建60周年之际，让我们来回顾这段波澜壮阔的历史……,2020-01-16 11:02:49,83691638,BV19J41177QD,1579172569,04:00,82538,37.0,577.0,82538,288,577,460,2037,511,0,0,13821,0,1,1,人文历史-纪录片,纪录片,人文历史
91,【吃鸡技巧】解放军教你甩狙，守株待兔，一石二鸟,"央视军视
【吃鸡技巧】解放军教你甩狙，守株待兔，一石二鸟",2020-01-19 07:21:07,84104587,BV1x7411q7R4,1579418467,03:37,1204483,96.0,3581.0,1204484,4816,3581,12805,5190,8458,0,71,77749,0,0,2,星海-科技,科技,星海
92,【王菲X那英】中国女排《夺冠》片尾曲,"https://m.weibo.cn/2803301701/4462427246168251
【王菲X那英】中国女排《夺冠》片尾曲",2020-01-19 10:05:01,84129670,BV1y7411q7T3,1579428301,05:25,131163,184.0,1258.0,131163,523,1258,987,1208,850,0,0,16676,0,0,2,预告 资讯-影视,影视,预告 资讯
93,“习大大，彭麻麻呢？”“没来。快过年了都在家里忙着呢！”,"https://mp.weixin.qq.com/s/6ElIuDl8arvPSeRWZVzCug
【“习大大，彭麻麻呢？”“没来。快过年了都在家里忙着呢！”】习近平总书记19日下午在腾冲和顺古镇考察调研。在古镇小巷，游客里一个女孩问：“彭麻麻呢？”习近平笑着回答说：“没来。快过年了都在家里忙着呢！”阵阵笑声回荡在古镇上。",2020-01-20 00:40:12,84212847,BV177411v7PM,1579480812,00:13,2565864,21.0,0.0,2565892,0,0,27147,32336,11495,0,6,267166,0,0,2,日常-生活,生活,日常
94,【喀什地震】铁路值班员不跑，拿起喊停列车,新疆喀什6.4级地震，铁路工作人员地震不跑拿起电话喊停列车！面临危险却心系众多旅客的安危，这小伙，棒！,2020-01-20 04:17:09,84230689,BV1s7411v755,1579493829,00:19,559462,21.0,1304.0,559462,672,1304,2203,7557,975,0,0,61081,0,1,1,日常-生活,生活,日常
95,【协和医院】当医生们开始唱歌,"协和医院
【协和医院版小幸运MV，你愿为白衣天使们转发吗？】还记得“史上最安全东单路口”的救人故事吗？@北京协和医院 根据年轻医护人员真实事迹，精心制作了《遇见小幸运》MV，献给每一位无私奉献的一线医生。生命的幸运和奇迹，都是因为你们的永不放弃。转发，向医护工作者致敬！",2020-01-20 10:07:44,84281160,BV1S7411v7JB,1579514864,04:28,284832,31.0,1702.0,284832,1236,1702,6235,9530,2671,0,0,38255,0,0,2,翻唱-音乐,音乐,翻唱
96,习近平向全国人民拜年！,"央视时政
习近平向全国人民拜年！",2020-01-21 04:41:04,84382271,BV1H7411i7cm,1579581664,01:29,381734,21.0,0.0,381734,0,0,3268,8345,1937,0,0,66066,0,0,2,日常-生活,生活,日常
97,【成长启示录⑥】令人心疼！7岁女童遭虐待，自曝曾被奶奶用老虎钳夹手……,【成长启示录⑥令人心疼！7岁女童遭虐待，自曝曾被奶奶用老虎钳夹手……】根据《中国儿童福利与保护政策报告2019》显示，截至2018年8月底，全国共有农村留守儿童697万人，在这个庞大群体当中，教育、安全、心理都是他们成长过程中不容忽视的问题。由共青团中央维护青少年权益部指导，中央广播电视总台央视社会与法频道推出的重点年度节目《成长启示录》，和您一起关注留守儿童之“困”。,2020-01-21 07:50:35,84400778,BV1L7411i78t,1579593035,36:01,146776,37.0,789.0,146776,2240,789,1077,1770,703,0,0,17502,0,1,1,人文历史-纪录片,纪录片,人文历史
98,牛津大学国乐宣传演讲：让世界认识中国民族乐器,让世界认识中国乐器,2020-01-23 09:59:57,84669588,BV1Z7411e7u2,1579773597,14:02,145814,39.0,487.0,145814,600,487,1175,2149,500,0,0,21375,0,1,1,演讲· 公开课-科技,科技,演讲· 公开课
99,春节，一起来捏面人吧,"央视新闻
春节，一起来捏面人吧",2020-01-24 02:02:09,84656702,BV1R7411e7Ff,1579831329,00:39,71808,21.0,526.0,71808,82,526,110,432,330,0,0,13877,0,0,2,日常-生活,生活,日常
100,【团团有话说】今年春节你在哪儿过年？,【团团有话说】今年春节你在哪儿过年？,2020-01-24 03:01:05,84802804,BV1d7411a7zJ,1579834865,02:19,72801,21.0,1217.0,72801,207,1217,154,1090,349,0,0,12478,0,1,1,日常-生活,生活,日常
101,2019年梗回顾！这些你们都还记得吗？【梗百科·春节特别节目】,2019年梗回顾！这些你们都还记得吗？【梗百科·春节特别节目】,2020-01-24 04:00:14,84679977,BV1b7411a7F4,1579838414,08:40,420097,27.0,1286.0,420099,4736,1286,8163,14658,1255,0,0,48265,0,1,1,综合-动画,动画,综合
102,【基建狂魔】不是游戏，是武汉版“小汤山”建造瞬间,"https://v.douyin.com/bpTbcQ/
【基建狂魔】不是游戏，是武汉版“小汤山”建造瞬间",2020-01-24 08:02:12,84840743,BV1J7411Y7qs,1579852932,00:13,1228332,96.0,4573.0,1228332,1858,4573,2726,3690,2119,0,79,52516,0,0,2,星海-科技,科技,星海
103,【首席流行病专家曾光】面对它，不要怕！,"“病毒在大街上没有那么高的密度，但在小空间里要特别注意！”听中国疾病预防控制中心流行病学首席科学家曾光讲述这次事件。面对它，不要怕！
视频来源：头条号@曾光教授",2020-01-24 08:40:58,84843309,BV1J7411Y7uS,1579855258,12:01,416521,96.0,3550.0,416521,2348,3550,4036,9287,11125,0,0,40363,0,1,1,星海-科技,科技,星海
104,武汉挺住，大年三十，解放军来了！,"人民日报
【武汉挺住，大年三十，解放军来了！】解放军来了！除夕夜，上海大雨。第二军医大学150名人民解放军医护人员乘坐空军飞机直飞武汉。",2020-01-24 17:16:44,84912540,BV167411Y7za,1579886204,00:16,1072562,21.0,4959.0,1072565,2699,4959,3979,6045,2453,0,63,84958,0,0,2,日常-生活,生活,日常
105,【真哏儿！天津人防疫打快板】做好防疫筑平安,"这里是天津
【真哏儿！天津人防疫打快板】天津快板《做好防疫筑平安》，朗朗上口，句句在理。一起众志成城抗疫情",2020-01-26 11:36:19,85132596,BV1X7411k7Eo,1580038579,03:13,153922,138.0,1293.0,153922,460,1293,2003,2362,3249,0,0,24448,0,0,2,搞笑-生活,生活,搞笑
106,天津快板，为逆行者点赞！,"津云
天津快板，为逆行者点赞！",2020-01-26 12:55:29,85146207,BV1d7411k7kC,1580043329,02:28,158988,96.0,1199.0,158988,700,1199,1349,2587,1215,0,0,32471,0,0,2,星海-科技,科技,星海
107,与时间赛跑！武汉火神山医院第一间病房建成,"湖北日报
与时间赛跑！武汉火神山医院第一间病房建成",2020-01-26 14:33:22,85165972,BV1A7411C7uf,1580049202,00:12,822708,96.0,1762.0,822708,396,1762,1084,2055,1289,0,0,40561,0,0,2,星海-科技,科技,星海
108,【快板·李少杰】病毒是个大圆脸，疙里疙瘩凸起像皇冠,"津云
【快板·李少杰】病毒是个大圆脸，疙里疙瘩凸起像皇冠",2020-01-26 16:07:17,85179336,BV1K7411C78u,1580054837,03:22,147962,138.0,429.0,147962,161,429,458,937,787,0,0,18111,0,0,2,搞笑-生活,生活,搞笑
109,哪有什么基建狂魔，全是朴实善良的劳动者,"湖北经视
【哪有什么所谓的基建狂魔，全是一个个朴实善良的劳动者】只不过心存善良与感恩，才有了超越人类极限、缔造世界奇迹的“魔力。#抗击疫情 央企行动# 从大年初一到今天，运输师傅杨师傅连夜将300个集装箱送到现场。杨师傅介绍，集装箱宽3米，长6米。他不辞日夜，要为武汉加油！河南驻马店的刘海龙师傅，今年没有回家，自愿到工地来支援！他说自己虽是白班，但工地上没有具体上班和下班的时间，有事情就要去做。“我今天的任务是看护这个修路用的定位旗，不能让人碰倒。我在这里没有认识的人，我是自愿过来的”",2020-01-27 11:25:44,85286739,BV1m74116775,1580124344,00:37,695746,96.0,2886.0,695746,2803,2886,4009,9243,1845,0,0,80248,0,0,2,星海-科技,科技,星海
110,【节瑞】鼠年贺岁曲【肥皂菌、云雀、墨雨晨、冬子、少年霜、小时姑娘、傅小司_Taboo、Braska、宁采臣】,"节瑞（鼠年贺岁曲）
策划：丝齐
词：五味酥、迟溪、如一、璃诗音、白祺、秦筠晏、浮澜、小玖州、杜衡无香、丝齐
曲：潮汐soron
编：安念Lanny
唱（按出场顺序）：肥皂菌、云雀、墨雨晨、冬子、少年霜、小时姑娘、傅小司_Taboo、Braska、宁采臣
修音对轨&和声：巫汐
混音：牧子Assyria
母带：子棋
美工&题字：侑景
曲绘：不维
PV：微醉
监制：李星月
特别鸣谢：林栀瑶/@共青团中央
出品：予你诗话工作室",2020-01-27 11:47:01,85289169,BV1U741167YK,1580125621,05:17,95232,28.0,488.0,95233,505,488,2281,3124,838,0,0,17635,0,1,1,原创音乐-音乐,音乐,原创音乐
111,习近平：我相信，我们一定会战胜这一次疫情！,"央视时政
习近平：我相信，我们一定会战胜这一次疫情！",2020-01-28 12:25:40,85454560,BV1z7411r7Ko,1580214340,01:52,386845,96.0,34.0,386845,0,34,2162,5785,1695,0,0,55255,0,0,2,星海-科技,科技,星海
112,【仁心】献给前线抗击肺炎的医护人员们的一首歌！,"作曲/作词：塔库
编曲：Mzf小慕
演唱/和声：KBShinya
和声：雾敛
混音：Mr. 曾经
医者仁心，感谢各位医护人员以及所有“逆行者”放弃休息时间奔赴前线，不顾自身安危抗击肺炎！！！惟愿疫情消退，重现活力生机！",2020-01-29 02:00:40,85497778,BV1p7411z7NU,1580263240,04:01,143725,28.0,877.0,143725,962,877,4128,8523,1630,0,0,33325,0,1,1,原创音乐-音乐,音乐,原创音乐
113,【Lao乾妈、双笙】2020同心同行 防疫知识小科普,"《2020 同心同行》
——防疫知识小科普系列

统筹：子秦 
演唱：双笙 李常超 
作曲：徐璨 
编曲：刘东 
混音：吴芷楠 
画师：明晨 
视频：卢蔚然
监制：河南电视台总编室

关注防疫新情报，这些知识要记牢
出门一定戴口罩，深色朝外佩戴好
金属鼻夹要压牢，紧贴面部别松掉
医用外科N95，防止飞沫最有效

买口罩，不哄抢
用完丢弃要妥当
消毒后，密封装
“有害垃圾”分类好

开窗通风勤洗手，宅家娱乐多运动
谢绝聚餐串门走，视频也能见亲友
饮食安全要讲究，拒吃野味忌半熟
咳嗽喷嚏掩鼻口，消毒酒精常备有",2020-01-29 07:30:18,85568881,BV1C7411z7An,1580283018,03:21,107199,28.0,768.0,107199,699,768,1604,3457,1474,0,0,18364,0,1,1,原创音乐-音乐,音乐,原创音乐
114,【排骨教主】与共 - 武汉加油，中国加油！,【排骨教主】与共 - 武汉加油，中国加油！,2020-01-29 08:00:45,85538292,BV1v7411z7K3,1580284845,03:31,320662,31.0,2103.0,320662,4805,2103,9995,19308,3081,0,0,47289,0,1,1,翻唱-音乐,音乐,翻唱
115,【凉风辟谣】开局一张图，内容全靠编！别再信谣传谣啦！,开局一张图，内容全靠编！别再信谣传谣啦！,2020-01-29 14:00:57,85542896,BV1x7411z7Ci,1580306457,07:46,3736888,124.0,24769.0,3736911,37952,24769,69134,230153,39087,0,3,449409,0,1,1,趣味科普人文-科技,科技,趣味科普人文
116,【天府事变】武汉加油！我们在一起,【一起转！我们在一起！#武汉加油MV#发布】“白衣的天使在拼命地守护着，装上翅膀是一辆辆的救护车，逆行奔波在所有困难面前，一定要相信明天会好的！”一起转，武汉加油，中国加油！明天一定会好的！,2020-01-30 06:30:44,85695455,BV1p741167GG,1580365844,02:57,264510,28.0,1153.0,264511,3079,1153,7640,12457,2595,0,0,34344,0,1,1,原创音乐-音乐,音乐,原创音乐
117,【张大哥保重】金银潭医院院长回应身患渐冻症：坦然面对,"央视新闻
【金银潭医院院长回应患渐冻症：坦然面对，对待疫情也是一样】武汉金银潭医院院长张定宇，近一个月几乎没休息过。提到自己的渐冻症，张院长说：我现在还是坦然地对待自己的疾病，就像坦然对待疫情一样。如果幸运的话，我会有8到10年以上的时间，如果不幸，最多五六年，但我会用好这些时间。转起！祝福！",2020-01-30 07:37:05,85736649,BV197411q7FE,1580369825,01:00,312597,96.0,1010.0,312597,1198,1010,1793,4137,1044,0,0,41091,0,0,2,星海-科技,科技,星海
118,省委书记照样被拦下，村口大爷有多敬业！,【省委书记照样被拦下，村口大爷有多敬业！】大年初六，江苏省委书记娄勤俭到南京市江宁区汤山街道葛巷村检查疫情，被几位老同志拦住，吃了“闭门羹”。他问：“村里有发热的病人吗？”老同志回答说：“没有！连在外打工的人都没回来。”说完，老同志又连声催促：“如果没什么事，你们早点离开吧。”,2020-01-31 09:36:22,85924266,BV1Q7411B7se,1580463382,00:11,878197,21.0,4278.0,878211,420,4278,2308,4284,2804,0,0,51305,0,1,1,日常-生活,生活,日常
119,三地交警接力，护送武汉医生上一线,"湖北高速交警黄梅大队
【三地交警接力，护送武汉医生上一线】大年初一，@湖北高速交警黄梅大队 接到武汉同济医院毛医生求助。因疫情防控需要，他应召急需返回武汉，但缺少交通工具。沿线大队随即展开联动，黄梅、黄石、鄂州三个大队接力将毛医生送回武汉。抵达武汉后，毛医生特意录了一段视频向护送的高速警察致谢。",2020-01-31 12:40:39,85968079,BV1d7411B7jP,1580474439,00:58,381881,96.0,1479.0,381882,847,1479,2533,4208,904,0,0,41084,0,0,2,星海-科技,科技,星海
120,【武汉加油】祖娅纳惜、HITA、柏凝、Braska、李蚊香、冥月月、玄觞、小爱的妈、小时姑娘、妖扬、龟仙人龟娘、流浪的蛙蛙,"《武汉，加油！》（公益应援曲）

 八方驰援战疫情，众志成城克时难。抗战肺炎，我们与武汉同在！仅以此歌向所有医护人员、科研人员以及社会各界为武汉提供帮助、为抗战疫情提供支持的人们表示致敬和感激。愿疫情早日结束，前行者平安归来！

策划：@李星月star @小萱Vivi 
作曲/和声编写/统筹：@李星月star 
作词：@李星月star @珠宝真高呀 
编曲：@编曲人Vinda 
演唱：@小愛的媽  @HITA @龟仙人龟娘 @玄觞 @流浪的牛蛙君 @小时姑娘呐 @-Braska- @祖娅纳惜 @妖扬_ @",2020-02-01 08:09:31,86060127,BV1K7411x7ZP,1580544571,04:23,222056,28.0,1960.0,222058,3445,1960,7731,14252,2611,0,0,35583,0,1,1,原创音乐-音乐,音乐,原创音乐
121,【解放军来了！】军队1400人承担火神山救治任务,"中国军视网
【视频来啦！军队1400人承担火神山救治任务】今天凌晨，空军出动8架大型运输机，分别从沈阳、兰州、广州、南京起飞，向武汉紧急空运军队支援湖北医疗队队员和58吨物资。根据安排，从今天起，解放军抽组1400名医护人员承担武汉火神山新型冠状病毒感染肺炎专科医院医疗救治任务。",2020-02-02 05:50:19,86262688,BV1J7411W7py,1580622619,02:11,522379,96.0,3492.0,522379,2594,3492,3804,5698,2382,0,0,46908,0,0,2,星海-科技,科技,星海
122,火  神  山,【独家视频】10天10夜，建成火神山,2020-02-03 10:00:32,86461696,BV1E7411s7mW,1580724032,05:21,647093,96.0,2415.0,647094,5717,2415,11268,29070,3606,0,91,58594,0,1,1,星海-科技,科技,星海
123,李显龙：因疫情排华是错误心态，这不是一个国籍甚至是种族的问题,"新加坡总理办公室
【李显龙：因疫情排华是错误心态 这不是一个国籍甚至是种族的问题】据《联合早报》报道，新加坡总理李显龙2月1日在新加坡宏茂桥德义区新春晚宴上用中文致辞表示：最近网上或许会看到有些网民纷纷抵制中国人，这是错误的心态，也是很不好的做法。武汉肺炎不是一个国籍或种族的问题，而是一个公共卫生的问题，大家必须镇定地考虑事实，合逻辑地去了解事情，并与中国齐心协力共同克服挑战。",2020-02-03 10:05:10,86516544,BV1K7411p727,1580724310,04:15,261397,21.0,1266.0,261397,539,1266,724,926,649,0,0,25494,0,0,2,日常-生活,生活,日常
124,【武汉】待你重新按下播放键，来一碗热干面，飚一句“我信了你的邪！”,"SMG摄界
【武汉最新宣传片】待你重新按下播放键，来一碗热干面，飚一句“我信了你的邪！”",2020-02-03 14:59:00,86571147,BV1G7411p7FY,1580741940,02:03,432054,85.0,2972.0,432058,739,2972,10243,8281,4923,0,0,50745,0,0,2,短片-影视,影视,短片
125,战疫情 · 共青团中央在重点领域组建疫情防控青年突击队,战疫情 · 共青团中央在重点领域组建疫情防控青年突击队,2020-02-04 03:35:00,86639206,BV1y7411p75N,1580787300,02:12,103835,96.0,756.0,103836,103,756,283,1648,525,0,0,17788,0,1,1,星海-科技,科技,星海
126,【两地书】身患渐冻症！却在武汉抗疫第一线 李光洁致敬金银潭医院张定宇院长,罕见绝症，没能阻挡前线奋战的身影；蹒跚步履，没有影响抗疫冲锋的速度。作为带领全院医护决战最前线的“白衣将军”，与渐冻症争分夺秒的武汉市金银潭医院党委副书记、院长张定宇，最大梦想仍是“跑得更快、跑赢时间”。,2020-02-05 15:00:50,86934622,BV1Y7411H7eX,1580914850,08:01,213841,85.0,1534.0,213841,271,1534,857,2524,1118,0,0,30507,0,1,1,短片-影视,影视,短片
127,【预告】博物馆里的中国通史,【预告·博物馆里的中国通史】过年宅在家出不了门特别无聊？实在没事儿咱还可以上B站来学习。团团联合@假日博物馆 的猫馆长，为大家准备了系列网课《博物馆里的中国通史》，带你逛逛中国的博物馆，顺便学习历史知识。2月7日起，连续7集日更，敬请期待。了解更多→https://mp.weixin.qq.com/s/lIcQs8c8eVdGLQWH2PxDHQ,2020-02-06 08:40:13,87102091,BV1b7411h785,1580978413,02:02,91115,37.0,376.0,91115,332,376,1354,1436,703,0,0,16942,0,1,1,人文历史-纪录片,纪录片,人文历史
128,【原创曲丨排骨教主】《夜中灯火》——献给在疫情阻击战中坚守防线的英雄们『人声本家』,"-出品- 共青团山东省委宣传部 
-制作- 
策划统筹：青微山东工作室 
视频制作：琉璃猫映像
-STAFF- 
演唱：排骨教主
作曲：Nekock·LK
作词：因你而在的梦
编曲：Nekock·LK
混音：洛翼党
曲绘：资本P
视频制作：Kotoli
封面：酒鱼
协作：DBRT
出品：共青团山东省委宣传部

歌词：
许下承诺 夜中 定格
万家灯火 解冻 冰河

空荡的街 载不动思念
半遮的脸 笑容都残缺
凝固的血 与死神周旋
生者的愿 为死者安眠
灰暗的天 星隐去双眼
燃起一簇火焰 温热未愈的人间

风",2020-02-06 09:19:02,87100665,BV147411h7Gw,1580980742,02:58,176842,28.0,886.0,176843,1335,886,6634,9393,1683,0,0,33960,0,1,1,原创音乐-音乐,音乐,原创音乐
129,【乐正绫原创曲】《夜中灯火》——献给在疫情阻击战中坚守防线的英雄们,"-出品- 共青团山东省委宣传部 
-制作- 
策划统筹：青微山东工作室 
视频制作：琉璃猫映像
-STAFF- 
出品：共青团山东省委宣传部
演唱：乐正绫
作曲：Nekock·LK
作词：因你而在的梦
调教：卦者灵风
编曲：Nekock·LK
混音：洛翼党
曲绘：资本P
视频制作：Kotoli
封面：酒鱼
协作：DBRT
出品：共青团山东省委宣传部

夜中灯火

许下承诺 夜中 定格
万家灯火 解冻 冰河

空荡的街 载不动思念
半遮的脸 笑容都残缺
凝固的血 与死神周旋
生者的愿 为死者安眠
灰暗的天 ",2020-02-06 09:19:12,87094634,BV1L7411h7ZB,1580980752,02:58,250446,30.0,1402.0,250446,2290,1402,15010,17779,2130,0,0,43342,0,1,1,VOCALOID·UTAU-音乐,音乐,VOCALOID·UTAU
130,感动！汶川村民自发支援武汉100吨蔬菜,"人民日报
【感动！汶川村民自发支援武汉100吨蔬菜[加油武汉]】汶川地震后，汶川县100多名伤者被送到武汉免费救治，“作为汶川人，最应该感恩！”这次疫情发生后，四川汶川县三江镇龙竹村村民主动捐赠，驾车36小时运送100吨新鲜蔬菜驰援武汉。6辆卡车上贴着一句话，纪念这份跨越时空的感动：汶川感恩你，武汉要雄起。",2020-02-06 11:07:04,87137280,BV1B7411h7GU,1580987224,01:54,355531,96.0,2274.0,355531,1442,2274,2798,4585,1282,0,0,50726,0,0,2,星海-科技,科技,星海
131,【史图馆】731、“马路大”意味着什么？人类历史上的罪恶一页,"投稿：史图馆
历史不容篡改
七三一，是反人类的代名词
任何对其滔天罪行死难者的嘲弄，都绝不能被容忍——这不仅事关民族尊严
不论是文艺创作者，还是读者、观众，首先都是人
生而为人，就绝对不能突破人类社会的基本底线",2020-02-06 13:00:38,87103025,BV1b7411h755,1580994038,05:15,1305963,96.0,12352.0,1305964,20010,12352,59169,138410,15458,0,0,217938,0,1,1,星海-科技,科技,星海
132,颜丹晨哽咽书信张益华等空乘天使【两地书】：有你们在，万千旅客就踏实了,大年初四，一声来自万米高空的承诺感动中国。面对机上137名甘肃援鄂医疗人员，MU700航班乘务长张益华在满是感恩的机舱广播中数度哽咽。颜丹晨，用动人书信给予这些无畏风险、坚守岗位的姐妹大大的拥抱...,2020-02-06 14:40:25,87141953,BV1z7411h7eM,1581000025,08:01,101662,85.0,926.0,101662,99,926,299,1088,691,0,0,17189,0,1,1,短片-影视,影视,短片
133,【博物馆里的中国通史①】从神话到历史,"【博物馆里的中国通史①从神话到历史】最初的远古的故事，是谁把它流传下来了呢？上下未形，何由考之？天地还没有形成时的景象，又根据什么去了解呢？在遥远的过去，到底发生过什么？那些古老的故事，在历史上出现又消失的人物，对我们又有什么意义？我们又是靠什么来了解过去呢？
博物馆里的中国通史，每日18:00更新",2020-02-07 10:10:18,87293999,BV127411b71Z,1581070218,08:49,144422,37.0,844.0,144422,1480,844,5506,5240,1706,0,0,21508,0,1,1,人文历史-纪录片,纪录片,人文历史
134,我们心在一起,"抗击疫情百人手机献唱 联动全球华人！为武汉为中国加油创造全新奇迹！

新型肺炎疫情爆发，全国人民协力为抗击疫情贡献力量！大灾面前，中华民族再次展现出强大的凝聚力，各地医护人员驰援武汉，全球华人竭尽所能的捐献各种物资……在共青团中央宣传部指导下，歌曲作者孙涌智迅速策划召集，联动新浪网、微博、新浪四川为代表的新浪网地方站、四川新闻网、四川音乐学院等机构，共同发起了公益歌曲《我们心在一起》合唱行动。行动迅速得到了百名体娱明星、支援武汉的医护工作者家属、国内大学生、海外华人留学生，央企海外员工的响应。
无情病疫肆",2020-02-07 12:51:54,87363675,BV1M741187xh,1581079914,05:25,101053,28.0,651.0,101053,747,651,1222,3774,845,0,0,20168,0,1,1,原创音乐-音乐,音乐,原创音乐
135,疫情期间他们仍走街串巷，守护群众！刘佩琦致敬彭宏等基层干部《两地书》,在少出门、少走动成为保护自身健康安全最佳手段的当下，仍有这样一群人每天走街串巷，只为守护千家万户的平安健康——他们，就是我们可敬的基层干部们。“害怕也得上，病毒嘛，就让它来怕我吧！”每日工作14个小时、社区万余居民一家不漏，武汉市江岸区航务社区的社区书记彭宏成了群众关键时刻的“定心丸”。,2020-02-07 14:35:06,87354887,BV197411b7EM,1581086106,08:01,106302,85.0,561.0,106302,100,561,284,1398,706,0,0,19475,0,1,1,短片-影视,影视,短片
136,【博物馆里的中国通史②】地理与环境,"【博物馆里的中国通史②地理与环境】“历史好比演剧，地理就是舞台。”这是历史地理学家谭其骧先生的名言。那么，中国这出大戏的舞台又是什么样的呢？
博物馆里的中国通史，1~7集，每日18:00更新",2020-02-08 10:06:47,87306123,BV1U7411b7tz,1581156407,08:22,93526,37.0,387.0,93526,763,387,2100,2937,882,0,0,15719,0,1,1,人文历史-纪录片,纪录片,人文历史
137,胜利就在前方，武汉加油！,"「武汉加油，战疫必胜！」

没有一个冬天不能逾越，也没有一个春天不会到来。别害怕，耐心等待，敞开吃热干面的那天就在前方！
让我们众志成城，共渡难关，为这座英雄的城市加油！


作词：北方，吕行
作曲：吕行
视频：李键，南诗晨
美工：黄苍也
演唱：吕行",2020-02-09 12:00:34,87752117,BV157411b74v,1581249634,03:48,79408,28.0,692.0,79408,428,692,673,2192,698,0,0,17486,0,1,1,原创音乐-音乐,音乐,原创音乐
138,宅家无聊？精品网课，尽在学习强国！,疫情当前，学习不停。2月1日起“学习强国”学习平台正式上线“在家上学”专题，率领“学而思”“新东方”“作业帮”“猿辅导”“高途课堂”“网易有道”“掌门教育”“三陶教育”“洋葱学院”等国内社会教育机构，为全国中小学生提供全学科、全学段、全覆盖的免费网络在线课程，受到广大家长和学生的热烈欢迎，各地延期开学的学生们通过“在家上学”，真正做到“停课不停学”。,2020-02-10 09:53:43,87995184,BV1F7411t787,1581328423,01:08,107069,166.0,1052.0,107069,160,1052,270,855,637,0,0,14253,0,1,1,广告-广告,广告,广告
139,【博物馆里的中国通史③】人类来到东亚,"【博物馆里的中国通史③人类来到东亚】地球从形成到现在，已经有46亿年了。如果把这46亿年浓缩成一天的话，你猜人类是什么时候出现的呢？
博物馆里的中国通史，1~7集，每日18:00更新",2020-02-10 10:00:39,87372577,BV13741187MK,1581328839,09:26,107998,37.0,667.0,107998,1214,667,1588,2524,600,0,0,17021,0,1,1,人文历史-纪录片,纪录片,人文历史
140,记者詹松直播武汉现状泣不成声！导演陆川致敬武汉前线媒体人【两地书】,大年初二，《长江日报》记者詹松在一场对武汉城区的“特殊直播”中几度情难自控到哽咽。“武汉快点好起来！快点好起来……”这不仅仅是他作为武汉人对家乡的呼唤，更是全体前线媒体人的心声。,2020-02-10 14:00:45,88007746,BV1X741147DX,1581343245,08:01,148141,85.0,512.0,148141,259,512,457,1521,703,0,0,21214,0,1,1,短片-影视,影视,短片
141,【博物馆里的中国通史④】从北京人到山顶洞人,"世界上原有哪些古人类？他们都去哪儿了？元谋人、蓝田人、北京人、山顶洞人是不是今天我们的祖先？在上个世纪二十年代，几位考古学家在北京附近的周口店龙骨山一带发掘了好几年，终于发现一个完整的头盖骨化石，这个发现一下子轰动了世界……

博物馆里的中国通史，1~7集，每日18:00更新",2020-02-11 10:49:20,87804724,BV1h7411b72H,1581418160,09:40,93918,37.0,544.0,93918,858,544,1349,1858,529,0,0,15106,0,1,1,人文历史-纪录片,纪录片,人文历史
142,96年女医生甘如意骑行四天三夜回武汉抗疫，蓝羽致敬90后最美逆行者！,骑行四天三夜，跨越300多公里，96年生的女医生甘如意，从荆州老家火线返回武汉市江夏区金口中心卫生院范湖分院，加入一线救护队伍。而在网友为其精神感动点赞的同时，她却只淡淡回应为“这没什么，这是我该做的”,2020-02-11 12:00:42,88234907,BV1i7411574S,1581422442,08:01,152208,85.0,658.0,152208,227,658,579,1647,816,0,0,22032,0,1,1,短片-影视,影视,短片
143,【博物馆里的中国通史⑤】石器时代：什么是石器,"人类最早利用的工具是什么呢？是随手掰下的树枝？是海边捡起的贝壳？还是啃剩下的动物骨头？最坚硬、最耐用、又最容易找原材料的工具是什么呢？为什么要一再地强调工具呢？

博物馆里的中国通史，1~7集，每日18:00更新",2020-02-12 10:00:35,87805675,BV1h7411b7nF,1581501635,09:41,78310,37.0,314.0,78310,818,314,1142,1753,474,0,0,14714,0,1,1,人文历史-纪录片,纪录片,人文历史
144,女儿画画支持医生妈妈：我想你，但我不哭 ， 瑶淼哽咽致敬《两地书》,大年初三，山西省中医院供应室护士长王芳随山西省首批援鄂医疗队前往湖北抗疫一线，将十岁的女儿笑笑留在家中。不过，笑笑并没有因为陪伴的缺失而哭泣，反而为英勇出征的妈妈作画打气。,2020-02-12 14:37:06,88468579,BV1K7411V78d,1581518226,08:01,63236,85.0,238.0,63236,89,238,196,856,575,0,0,15485,0,1,1,短片-影视,影视,短片
145,【动态漫】岂曰无衣，与鄂同袍,【动态漫】岂曰无衣，与鄂同袍,2020-02-13 07:47:02,88658954,BV1s7411378W,1581580022,03:44,555174,47.0,2603.0,555179,6967,2603,26671,50044,7260,0,0,84006,0,1,1,短片·手书·配音-动画,动画,短片·手书·配音
146,【博物馆里的中国通史⑥】采集时代的食物，都到碗里来,"最早的人类都吃些什么呢？吃是人类生存的本能，吃也是人类进步的动力，人类在吃，动物也在吃，但是人类的吃和动物的吃有什么根本性的区别呢？
博物馆里的中国通史，1~7集，每日18:00更新",2020-02-13 10:00:39,87806466,BV1Y7411b7h8,1581588039,08:10,76750,37.0,452.0,76750,742,452,1086,1544,507,0,0,14024,0,1,1,人文历史-纪录片,纪录片,人文历史
147,数位医生痊愈后立即返岗 ！大鹏深受感动，写信致敬“平民英雄”【两地书】,刻不容缓的抗疫一线，很多不幸感染的医护人员在治愈后，都选择立即重返岗位。郭琴护士就是其中一员，而仍在康复中的余昌平医生 也始终乐观科普防疫。,2020-02-13 14:03:54,88691205,BV1v741137kP,1581602634,08:01,90963,85.0,370.0,90963,109,370,334,1114,527,0,0,17115,0,1,1,短片-影视,影视,短片
148,【热血出征】这一战，我们一定能赢！【宝石 Gem《出征》MV】,"人民日报
热血出征：这一战，我们一定能赢！
@宝石Gem_ 《出征》MV
来源：人民日报客户端",2020-02-13 16:53:49,88796322,BV1K7411G7AA,1581612829,02:37,344235,96.0,30.0,344239,1973,30,11321,9408,3065,0,0,38342,0,0,2,星海-科技,科技,星海
149,金银潭医院院长：患者康复后体内含抗体，恳请康复患者捐赠血浆,【金银潭医院院长：患者康复后体内含抗体，恳请康复患者捐赠血浆】武汉市金银潭医院院长张定宇表示，患者康复后体内含有大量综合抗体，能够对抗病毒，也恳请康复后的患者积极来到金银潭医院，伸出你的胳膊，捐献你宝贵的血浆，共同救治还在与病魔作斗争的病人。,2020-02-13 17:05:46,88790645,BV1N7411G7ib,1581613546,02:38,386225,21.0,2744.0,386225,136,2744,700,2328,1232,0,0,29125,0,1,1,日常-生活,生活,日常
150,【博物馆里的中国通史⑦】锅碗瓢盆，陶器的发明,"考古学家说，李家沟是从旧石器时代过渡到新石器时代的一个遗址，怎么看出这种过渡呢？人类从采食到集食的转变了，为什么会发生这种转变呢？全世界最早的陶器是什么时候出现呢？怎么制作的呢
博物馆里的中国通史，1~7集，每日18:00更新",2020-02-14 10:00:11,87807832,BV1Y7411b7L2,1581674411,09:00,66670,37.0,354.0,66670,693,354,1070,1723,429,0,0,13043,0,1,1,人文历史-纪录片,纪录片,人文历史
151,【恋曲2020】今天，不可触及的爱，无处不在,"【恋曲2020】今天，不可触及的爱，无处不在

他
用车灯照亮妻子去值守的路

她
只能隔着屏幕对丈夫问寒问暖

他和她
同在一所医院，
却多日不曾相见

今天，
他们这样度过

他们
说自己不是英雄
在我们心中
他们
就是英雄！

今天
相聚
还只是一个愿望
但请记住今天
2020年2月14日

爱，不可触及
爱，无处不在

（新华社）",2020-02-14 12:36:29,88967755,BV1t7411g7ah,1581683789,04:59,100487,21.0,559.0,100488,361,559,1453,3196,995,0,0,21087,0,1,1,日常-生活,生活,日常
152,武汉民警董宏祥一家七人奋战在一线，导演丁晟感动书信基层警务工作者【两地书】,【两地书 之 坚守】防疫宣传、落地监督、转移病患，武汉民警董宏祥在他的24小时班次中，始终忙碌却片刻不敢疏忽。“一座城，一群人，生于斯长于斯，光荣永远属于那些沉默坚忍的普通人。”,2020-02-14 14:25:12,88966535,BV1t7411g7yQ,1581690312,08:01,47222,85.0,134.0,47222,45,134,189,990,517,0,0,12589,0,1,1,短片-影视,影视,短片
153,【大国大爱】音频怪物/李常超/萧忆情/贰婶/排骨教主/奇然/流浪的蛙蛙/伦桑/司夏/董真/陈粤彬/王琦BOWI/霄磊/秦子墨/沈谧仁/陈鹏杰/封茗囧菌,"满腔挚情化作款款唱腔，为武汉和全国人民加油，向所有奋战在疫情防控一线的人们致敬，这是我们的《大国大爱》！

演唱：音频怪物/李常超/萧忆情/贰婶/排骨教主/奇然/流浪的蛙蛙/伦桑/司夏/董真/陈粤彬/王琦BOWI/霄磊/秦子墨/沈谧仁/陈鹏杰/封茗囧菌/雨洛Huge/少年霜/龟娘/白止/李蚊香/cv王胖子/陌秋离/妖蝠/凤九/佑可猫/唯今/张羽璃Atboth/Smile_小千/肥皂菌/三畿道/玄觞/小时姑娘/安九/小爱的妈/HITA",2020-02-15 09:37:21,89185694,BV1t7411J7bx,1581759441,04:14,236712,28.0,1618.0,236713,3234,1618,14229,24183,4021,0,0,41905,0,1,1,原创音乐-音乐,音乐,原创音乐
154,【宅家无聊？】学习强国“在家上学”再升级，快来寻宝！,"学习强国
【宅家无聊？】学习强国“在家上学”再升级，快来寻宝！",2020-02-15 14:56:36,89277058,BV1Z7411J7bx,1581778596,01:26,108212,21.0,1202.0,108212,94,1202,337,740,710,0,0,13561,0,0,2,日常-生活,生活,日常
155,日本旗袍女孩为武汉募集50万日元，郭帆给旗袍募捐女孩写信【两地书】,东京灯会，一位身着旗袍的日本女孩鞠躬为武汉募款的身影，打动了亿万中国网民的心。山川异域，无碍风月同天。。,2020-02-17 15:10:29,89697147,BV197411j7GM,1581952229,08:01,221964,85.0,3456.0,221964,664,3456,897,2499,966,0,0,26827,0,1,1,短片-影视,影视,短片
156,【原创BGM】英雄【致敬白衣战士】,"投稿&音乐制作@LuckyMaxx路南
网易云音乐：https://music.163.com/#/song?id=1421880660",2020-02-18 09:21:41,89897498,BV1R741177mk,1582017701,03:36,205249,28.0,1855.0,205251,1663,1855,5463,11445,922,0,0,32708,0,1,1,原创音乐-音乐,音乐,原创音乐
157,泪目！胡世颉、史庆辉驰援湖北，留下这几个字！王庆祥致敬援鄂医生【两地书】,医者父母心，医者自身也都是父母最为挂牵的孩子。援汉二十余天，胡世颉、史庆辉两位医生在抗疫一线是中坚急先锋，而家中令他们牵肠挂肚的父母则更是精神依托。,2020-02-18 13:55:33,89906426,BV12741177fy,1582034133,08:01,64973,85.0,1811.0,64973,86,1811,195,876,550,0,0,13745,0,1,1,短片-影视,影视,短片
158,【Minecraft】用我的世界打开火神山医院,【Minecraft】用我的世界打开火神山医院,2020-02-19 11:30:58,90104759,BV1M7411j7ZG,1582111858,06:10,717625,96.0,2853.0,717641,5463,2854,24370,52508,4532,0,0,96595,0,1,1,星海-科技,科技,星海
159,好消息！91岁高龄新冠肺炎患者出院！卢奇致敬抗疫成功九旬老兵【两地书】,91岁高龄的王明光老人，不仅是解放战争功勋英雄，更是湖北省年龄最大的新冠肺炎治愈患者。走过枪林弹雨，成功抗“疫”鼓舞人心的他，诠释着生生不息的力量。,2020-02-19 13:55:49,90126976,BV1s7411j7KL,1582120549,08:01,88456,85.0,615.0,88456,173,615,265,1046,576,0,0,17406,0,1,1,短片-影视,影视,短片
160,【平旦｜洛天依/乐正绫】武汉加油！中国加油！,"简介：
策划 CARDINAL星海
作词 因你而在的梦
作曲 依溪禾
编曲 DBRT、Mr.Guai
混音 依溪禾
调校 郑射虎
视频制作 Semaa小赛
和声编写 星海子

你 也许会感到孤单
劫后余生的疼痛感 还未消散
你 侧身想躲避黑暗
同时也期盼着黎明 不要太晚

生命中 分分合合
真情在夜幕下朦胧
我愿意 手捧微茫 为你点亮这星河
若列车 驶向远方 终要停站送走旅客
我愿意 等待阳光 包裹住分别 的苦涩

你 将目光透出窗棂
夜间天使奔波的身影 格外清晰
你 伸手想捉住光阴
指尖上残留的春意 饱",2020-02-20 11:00:34,90326093,BV1S7411A7dE,1582196434,04:30,153134,30.0,1630.0,153134,967,1630,3689,5483,962,0,0,23195,0,1,1,VOCALOID·UTAU-音乐,音乐,VOCALOID·UTAU
161,排雷英雄杜富国妹妹出征抗疫一线，王宝强以许三多精神致敬杜富国、杜富佳兄妹,"骨肉同胞，二人从戎，二人从医；
非常时刻，守土卫国，各尽其责。",2020-02-21 14:10:58,90638140,BV1R7411w7iB,1582294258,08:01,165870,85.0,614.0,165870,441,614,750,2666,716,0,0,27343,0,1,1,短片-影视,影视,短片
162,这次疫情，带给你哪些改变？,盐城市盐都区委组织部,2020-02-22 07:15:05,90838948,BV1L7411c7pU,1582355705,03:10,195236,96.0,2244.0,195237,802,2244,2052,2182,861,0,0,25124,0,0,2,星海-科技,科技,星海
163,【Together】19国音乐人翻唱中国民谣，为中国战“疫”加油！,"中国网
近日，改编自中国民谣《在路上》，由19个国家、50位音乐人联合创作的歌曲《TOGETHER》在@中国网 首发。疫情发生后，包括多位格莱美奖得主在内的50位“国乐复兴计划”全球合作音乐人迅速行动起来，向中国、向武汉传递爱与温暖。",2020-02-22 12:30:03,90848089,BV177411c7h4,1582374603,04:55,451123,31.0,1424.0,451125,3128,1424,17621,12324,3779,0,0,60648,0,0,2,翻唱-音乐,音乐,翻唱
164,我们是如何战胜蝗灾的？,"经过几十年治理，今天的中国初步实现了“飞蝗不起飞成灾、土蝗不扩散危害、入境蝗虫不二次起飞”的治理目标。
近年来，我国的治蝗工作已经走出国门，走向世界。在老挝、在莫桑比克，在许许多多的第三世界国家，来自中国的农业科技工作者，正在帮助这些国家的人民对抗蝗虫，争取更多希望。
陈家祥、马世骏、朱久望，还有成千上万默默付出的治蝗人，正是他们几十年如一日的刻苦钻研、辛勤劳作，在治蝗战线上取得了大量的胜利，我们才能在一片宁静的天空下安享丰盛的晚餐。",2020-02-22 13:00:21,90869642,BV1W7411c77A,1582376421,07:19,664915,124.0,3054.0,664918,5169,3054,10019,21499,2222,0,0,77918,0,1,1,趣味科普人文-科技,科技,趣味科普人文
165,【防疫一线Vlog】忙了一天的90后护士，摘下口罩后……,"央视军事
在ICU病房里，她们是冷静老练的护士；走出隔离区，摘下口罩，她们一秒露出90后原本的模样，“这时候最爽，感觉全世界都是我的！”连走路的步伐都是蹦蹦哒哒！",2020-02-23 09:44:31,91128320,BV1P7411F75L,1582451071,03:05,215361,96.0,722.0,215362,889,722,1921,3366,845,0,0,30311,0,0,2,星海-科技,科技,星海
166,习近平在统筹推进新冠肺炎疫情防控和经济社会发展工作部署会议上强调 毫不放松抓紧抓实抓细防控工作 统筹做好经济社会发展各项工作,"新闻联播
习近平在统筹推进新冠肺炎疫情防控和经济社会发展工作部署会议上强调 毫不放松抓紧抓实抓细防控工作 统筹做好经济社会发展各项工作",2020-02-23 14:13:30,91193733,BV1W7411F7iq,1582467210,13:39,91481,96.0,22.0,91481,25,22,334,961,578,0,0,18059,0,0,2,星海-科技,科技,星海
167,“医生，我可不可以晚一点死？”,"没有一个冬天不可逾越，没有一个春天不会到来。
致敬，每一位勇敢的中国人。

来源：邮箱投稿（tzybilibili@163.com）
作者：薄情小哥哥丶
开场独白：电影原声 倾城之泪
结尾：@中南小团子 中南大学湘雅学院医学生（https://www.bilibili.com/video/av89206331）",2020-02-24 03:30:44,91214094,BV1J7411F7fU,1582515044,04:38,1508487,96.0,6202.0,1508496,13080,6202,38424,56349,10904,0,79,148884,0,1,1,星海-科技,科技,星海
168,【直播回放】金灿荣：从国际角度看中国的防”疫“战,【直播回放】金灿荣：从国际角度看中国的防”疫“战,2020-02-24 12:30:33,91361225,BV177411u7Nn,1582547433,53:49,544256,96.0,2234.0,544259,12571,2234,8578,8944,2601,0,0,30660,0,1,1,星海-科技,科技,星海
169,武汉夫妻为医护人员24小时送餐，陶红致敬武汉善心餐饮人【两地书】,【两地书之同舟】抗疫战打响初期，武汉一线医护人员的一日三餐成了最现实的问题。得知这一情况，当地90后餐馆经营者邱贝文毅然决定倾全家之力为这些英雄做饭。,2020-02-24 13:55:11,91362160,BV1J7411u7Le,1582552511,08:01,71438,85.0,222.0,71438,133,222,238,1158,403,0,0,16717,0,1,1,短片-影视,影视,短片
170,爱不分国界！华人女孩东京街头发口罩,"青蜂侠
【爱不分国界！华人女孩东京街头发口罩】近日，一位女孩在东京街头发放爱心口罩，女孩头戴小鹿头套为过往的行人发放口罩。除此之外，不少在日华侨也在日本免费发放口罩给行人。",2020-02-25 13:19:24,91684287,BV1N7411M7YY,1582636764,00:45,798461,96.0,4327.0,798461,1183,4327,4877,4026,1229,0,0,76726,0,0,2,星海-科技,科技,星海
171,武汉123志愿者车队免费接送医护人员，龚格尔致敬武汉志愿者,武汉公共交通关闭的第一时间，黄晓民集结朋友成立了以当天日期为名的志愿者车队“123”，用以接送医护人员。同为土生土长的武汉伢，90后姑娘陈灵毓义无反顾地加入车队，成为生命的“摆渡人”,2020-02-25 13:55:56,91638035,BV1Q7411T78K,1582638956,08:01,71517,85.0,553.0,71517,70,553,204,966,383,0,0,17446,0,1,1,短片-影视,影视,短片
172,【抗击疫情】我们一起用音乐守护爱,"2020年伊始，一场没有硝烟的“战争”迅速打响。
我们与@网易云音乐 联合发起“抗击疫情，为城市应援”原创歌曲征集活动，截至2月24日已征集到超4000首原创歌曲，总播放量超7000万次。
这个冬天，我们用音乐的力量为中国加油！
希望如约而至的不止是春天和胜利，还有疫情过后健康无恙的你。

歌曲：《守护》
作曲/作词 : 幼稚园杀手",2020-02-26 03:30:43,91688320,BV1j7411M78f,1582687843,02:45,77783,28.0,775.0,77785,259,775,849,2299,525,0,0,16260,0,1,1,原创音乐-音乐,音乐,原创音乐
173,美官员称中国窃取美科研成果？赵立坚：中国科技成就一不靠偷 二不靠抢,"外交部发言人办公室
美官员称中国窃取美科研成果？赵立坚：中国科技成就一不靠偷 二不靠抢",2020-02-26 07:48:51,91857109,BV1b7411K7iS,1582703331,02:04,658969,96.0,2021.0,658974,1127,2021,1791,1684,583,0,0,42137,0,0,2,星海-科技,科技,星海
174,【杜甫·安得广厦千万间】茅屋为秋风所破歌【奇然/沈谧仁】,"作词：杜甫
作曲/编曲：何仡
演唱：奇然、沈谧仁
和音编写：何仡、奇然、沈谧仁
和音：奇然、沈谧仁
策划：奇然、沈谧仁
出品：平行世界工作室
混音：dB音频工作室
画师：HM
PV：132",2020-02-26 10:10:09,91726102,BV187411M7BT,1582711809,03:21,270545,28.0,2577.0,270551,1524,2577,12672,9200,2631,0,0,37214,0,1,1,原创音乐-音乐,音乐,原创音乐
175,联合国秘书长感谢中国人民：中国人民在为全人类作贡献,"中国网新闻中心
【联合国秘书长感谢中国人民：中国人民在为全人类作贡献】联合国秘书长古特雷斯24日在瑞士日内瓦表示，他想向所有在中国被剥夺了许多正常生活的人传递一个信息，那就是：感激。因为正是这些被剥夺了其他人正在享有的积极生活的人做出牺牲，疾病才得以被阻止传播，他们是在为人类作贡献。",2020-02-26 13:35:35,91859298,BV1b7411K7TX,1582724135,01:03,807705,96.0,1768.0,807707,979,1768,2204,1505,910,0,0,39190,0,0,2,星海-科技,科技,星海
176,90后咖啡店主每天为医院送200杯咖啡，苏芒致敬武汉爱心咖啡人【两地书】,“谁要来光谷做咖啡？中午要送200杯给湖北省中医院的白衣天使们 ”除夕当天，90后咖啡店主田亚珍在微信群里这样召唤着工作伙伴。至今，他们已为一线医护免费提供近万杯现磨咖啡及不可计量的善意温暖。积极号召演艺界朋友为疫区助力的苏芒 为小田写下信件：“这份不变的温度能让人记得：爱，一直都在；生活，一直都在；春天，也一直都在！”,2020-02-26 15:03:41,91917615,BV117411K7Xd,1582729421,08:01,71865,85.0,422.0,71865,143,422,274,1207,325,0,0,15213,0,1,1,短片-影视,影视,短片
177,外交部：韩日抗击疫情，中国不会缺席,"外交部发言人办公室
2月27日，外交部发言人赵立坚表示，中方对韩日两国政府和人民为中国抗击疫情提供的支持和帮助深表感谢。中日韩是一衣带水的友好邻邦，在疫情面前更是命运共同体。在韩国、日本抗击疫情的努力中，中国不会缺席。",2020-02-27 12:01:36,92176317,BV157411N7TF,1582804896,00:29,407876,96.0,1737.0,407876,440,1737,1022,1210,465,0,0,27087,0,0,2,星海-科技,科技,星海
178,于谦致信疫情下每一位乐观的你【两地书】：共克时艰，扬帆起航,素未谋面的口罩工厂志愿者、顶着寒风为医护送菜的爱心菜农、免费捐赠设备的家居厂老板、协力抗疫一线的青年学子……一张张积极乐观的笑脸，是中国人民面对抗疫这场“大考”的温暖与坚定。用笑声疗愈大家的电影人,2020-02-28 00:01:18,92211268,BV1v7411N79o,1582848078,08:01,146404,85.0,1122.0,146405,924,1122,1221,3318,884,0,0,23717,0,1,1,短片-影视,影视,短片
179,太平志长留！这首由《将军令》改编的抗疫MV令人泪目,【太平志长留！这首由《将军令》改编的抗疫MV令人泪目】面对突如其来的疫情，没有从天而降的英雄，只有挺身而出的凡人。@正义网 联合地方检察院与音乐人鲍比达合作为大家带来这首抗疫MV，向疫情中不懈奋战的医护人员、警察、基层干部致敬，也为所有与疫情赛跑的中国人加油！,2020-02-28 11:00:31,92347130,BV1DE411n7V3,1582887631,04:04,437581,31.0,1557.0,437591,1327,1557,11210,16977,2486,0,0,39067,0,1,1,翻唱-音乐,音乐,翻唱
180,电影人刘劲和CCTV6电影频道员工签名祝福武汉【武汉我想对你说】,全民参与的疫情防控阻击战中，耀眼的不只一线奋战的英雄，更有每个同心坚守中的平凡你我。多次饰演周恩来的电影人好学生刘劲 致敬每个耀眼的中国人：“每个英雄，都有自己的出场方式，都有自己不同的光亮。”,2020-02-28 15:57:56,92454814,BV1pE411H7zk,1582905476,08:01,63666,85.0,45.0,63666,102,45,177,1067,573,0,0,11817,0,1,1,短片-影视,影视,短片
181,吴谦：“军民团结如一人，试看天下谁能敌？”,"人民视频
【吴谦：“军民团结如一人，试看天下谁能敌？”】国务院联防联控机制于3月2日上午10时举行新闻发布会，介绍军队支援地方抗击新冠肺炎疫情有关情况，并答记者问。

国防部新闻局局长、新闻发言人吴谦在发布会的最后补充称：“军民团结如一人，试看天下谁能敌？”",2020-03-02 11:04:55,93193404,BV1TE41177XH,1583147095,00:06,613640,96.0,2606.0,613643,632,2606,3658,3865,2197,0,0,42868,0,0,2,星海-科技,科技,星海
182,【原创MV】Stand Strong Wuhan，21国青年唱响这首歌,"近一个月，新冠肺炎疫情牵动着世界人民的心。在我们全力以赴抗击疫情的时候，来自30多个国家和国际组织的青年领袖发来了70多份视频和信件，传递了五大洲青年的共同心声：武汉加油！中国加油！

出品人
李柯勇
 
总监制
董霞  伍伟
 
总策划
刘凯  潘颖婷
 
外联推广
袁丽  孟洋  朱鸣华  周际  张莹  郑悦  单其悦
尤楠  施天驰  张利萍  王晨晖  胡文利
 
影音制作团队
总制作人：马奕强
视频制作：顾晏舟
作词：龚达伟（新加坡） 刘海若
作曲：孟乔 @Vic荞麦
编曲：何政 @大眼萌星人",2020-03-03 06:11:49,93350053,BV1UE411x76P,1583215909,03:52,113927,28.0,764.0,113928,784,764,3774,6506,1045,0,0,25291,0,1,1,原创音乐-音乐,音乐,原创音乐
183,【中国有故事 防疫特别节目】致敬志愿者,将来，不论何时，当人们再次回顾新冠肺炎疫情，必定会为一种壮观的景象深深触动：危急关头，一个个原本最平凡的人，突然绽放出最不平凡的英雄光彩。不管你是否接受过他们的帮助与服务，请记住他们，他们是凡人英雄，他们是中国志愿者。,2020-03-03 11:05:03,93351083,BV1UE411x7Hg,1583233503,05:58,64880,96.0,597.0,64882,233,597,820,2125,855,0,0,16742,0,1,1,星海-科技,科技,星海
184,外交部：中方连发四问回应美限制中国媒体,"外交部
美方称限制中国媒体是为了是实现“对等”　？赵立坚连发四问！",2020-03-04 03:09:43,93583884,BV1cE411t75U,1583291383,01:29,393513,96.0,1755.0,393520,695,1755,1554,1885,790,0,0,35027,0,0,2,星海-科技,科技,星海
185,【48秒速览】全国医务人员驰援湖北,"新华网
全国驰援，决战湖北！",2020-03-05 06:13:24,93862087,BV1VE411W7Xw,1583388804,00:49,365764,96.0,1569.0,365791,2338,1569,4298,3041,1130,0,0,37458,0,0,2,星海-科技,科技,星海
186,外交部回应美主持人要中国就疫情道歉：谁要求美国为H1N1流感道歉了吗？,外交部发言人办公室,2020-03-05 12:17:01,93947227,BV16E411W7DQ,1583410621,00:45,2329138,96.0,5066.0,2329216,3182,5066,10849,9916,5782,0,75,132434,0,0,2,星海-科技,科技,星海
187,报告称美中情局长期渗透攻击中国网络！赵立坚：请给中国和世界一个解释,外交部发言人办公室,2020-03-05 13:29:03,93975554,BV1zE411W7vH,1583414943,00:27,1289047,96.0,3879.0,1289110,949,3879,3431,2971,1546,0,0,66186,0,0,2,星海-科技,科技,星海
188,若你也曾见过他们……,"苏州市广播电视总台全媒体采制中心
他们是新冠肺炎疫情期间万千志愿者的缩影，他们是平凡的普通人，却传递出令人难忘的精神、力量和效率。
谢谢所有志愿者，让我们一起加油！",2020-03-06 08:16:56,94153903,BV1wE411p73h,1583482616,04:33,234778,96.0,768.0,234800,1325,768,4085,4439,1066,0,0,35627,0,0,2,星海-科技,科技,星海
189,超飒！歼-10B飞高难动作落叶飘,"来源：央视军事
犹如落叶旋转，“落叶飘”是世界级的高难度飞行动作，国际上能做出这一动作的战机屈指可数。不仅看着酷炫，“落叶飘”可攻可守，能抢得先机，也是实战中的“杀手锏”。而换装矢量发动机的歼-10B就能完成“落叶飘”！为中国战机点赞！",2020-03-07 06:15:11,94371400,BV1fE411p7MU,1583561711,01:03,463220,96.0,2841.0,463245,1086,2841,1480,1547,755,0,0,32961,0,0,2,星海-科技,科技,星海
190,千年女子最强音《华夏巾帼志》【茶理理/小缘/肥皂菌/三畿道】,"VC本家：av94548443
-出品-
广东共青团
-制作-
策划统筹：音喵工场、霾AXIS
音乐制作：联合麦田
视频制作：鸦相馆、饭伊典工作室
-STAFF-
策划：CARDINAL星海/雨狸
作曲：依溪禾
作词：雨狸
演唱：茶理理/小缘/肥皂菌/三畿道
编曲：依溪禾
混音：Digifan
后期：一只岁碎
母带：Digifan
分镜：Nekoloco/饭伊典
绘画：Lune/唯Tu/啊噜
美工：玫绍
视频：饭伊典/Nekoloco
视觉统筹：雨狸
艺人统筹：CARDINAL星海
出品：广东共青团

歌",2020-03-08 02:00:00,94547492,BV1qE411g7cN,1583632800,03:41,373462,28.0,2142.0,373475,2928,2142,26236,39464,6434,0,0,60166,0,1,1,原创音乐-音乐,音乐,原创音乐
191,【华夏巾帼志】妇女能顶半边天【V家】洛天依、乐正绫、墨清弦、言和,"人声本家：av94547492
-出品-
广东共青团
-制作-
策划统筹：音喵工场、霾AXIS
音乐制作：联合麦田
视频制作：鸦相馆、饭伊典工作室
-STAFF-
策划：CARDINAL星海/雨狸
作曲：依溪禾
作词：雨狸
演唱：洛天依/乐正绫/墨清弦/言和（按出场顺序）
编曲：依溪禾
混音：Digifan
调校：溱绫西陌/星葵
母带：Digifan
分镜：Nekoloco/饭伊典
绘画：Lune/唯Tu/啊噜
视频：饭伊典/Nekoloco
美工：玫绍
视觉统筹：雨狸
出品：广东共青团

歌词：
是谁说",2020-03-08 02:00:00,94548443,BV1BE411g7fQ,1583632800,03:41,298378,30.0,3249.0,298389,2907,3249,27563,34158,5849,0,59,56902,0,1,1,VOCALOID·UTAU-音乐,音乐,VOCALOID·UTAU
192,“如果有天，爸妈都不管我，那该多好啊……”,"来源：邮箱投稿（tzybilibili@163.com）
作者：王天悦 河北省冀中公安局
创作者说：我是一名基层民警。疫情发生前，我身边的许多“警宝”都跟我这个大姐姐吐槽过爸妈管他们太严，总是这个也不行那个也不让。但疫情发生后，他们在这个寒假突然变成了“留守儿童”，于是他们每天都在给爸妈疯狂打call——“爸爸妈妈你们什么时候回家啊！”“爸爸妈妈加油！新闻里说了，你们都是最棒的！”这次疫情让我关注到了“警宝”们在这个特殊时期，孩子们都迅速长大了。父母在一线战疫，小小的他们在家里选择了安静守候，也学会了理解",2020-03-08 03:10:54,94459415,BV1cE411g77h,1583637054,03:14,267486,47.0,1781.0,267498,1568,1781,5232,9406,1196,0,0,45015,0,0,1,短片·手书·配音-动画,动画,短片·手书·配音
193,张伟丽成功卫冕 UFC世界冠军！用实力说话！,今天，中国首位UFC冠军张伟丽，在UFC248的比赛中，不负众望击败波兰挑战者乔安娜，卫冕成功！张伟丽在现场说：“我的祖国正在抗击疫情，参加这场比赛非常不容易。现在疫情已关系到全人类，希望大家共同努力！”,2020-03-08 11:50:47,94673985,BV1eE411M7CE,1583668247,00:29,449253,96.0,2856.0,449254,744,2856,1572,7226,1361,0,0,71009,0,1,1,星海-科技,科技,星海
194,【回放】张伟丽VS乔安娜【PP体育授权发布】,【回放】张伟丽VS乔安娜【PP体育授权发布】,2020-03-09 07:53:17,94911371,BV1TE411T7Fb,1583740397,46:36,853328,163.0,6222.0,853338,35685,6222,21490,34671,17308,0,67,86845,0,1,1,运动-生活,生活,运动
195,美剧《良医》男主角：剧组的道具医用口罩快被人偷光了,"青蜂侠
【美剧《良医》男主角：剧组的道具医用口罩快被人偷光了】近日，医疗美剧《良医》中男主角的扮演者弗莱迪·海默在一档访谈节目中提到新冠疫情的影响。他对主持人表示，剧组已被变相影响，因为道具中的医用口罩和护目镜几乎被人偷拿光了，甚至还有人偷除菌皂……",2020-03-09 09:06:35,94924222,BV1FE411T7tL,1583744795,00:55,694558,96.0,1016.0,694589,495,1016,2241,1215,2605,0,0,35737,0,0,2,星海-科技,科技,星海
196,外交部：谴责美国国务卿蓬佩奥“武汉冠状病毒”表述,"来源：外交部发言人办公室
“外交部发言人办公室”消息，在3月9日外交部例行记者会上，有记者问：据报道，美国国务卿蓬佩奥3月6日接受美国媒体采访时将新型冠状病毒称为“武汉冠状病毒”。中方对此有何评论？
耿爽：世界卫生组织已经就新型冠状病毒作出正式命名。个别美国政客不尊重科学，不尊重世卫组织的决定，迫不及待地借新冠病毒对中国和武汉进行污名化，我们谴责这种卑劣的做法。",2020-03-09 12:45:44,94980631,BV17E411T7Rm,1583757944,00:25,391352,96.0,767.0,391354,420,767,914,1791,611,0,0,33531,0,0,2,星海-科技,科技,星海
197,习近平深入武汉社区 看望居民群众和防控一线工作人员,"央视新闻
习近平深入武汉社区 看望居民群众和防控一线工作人员",2020-03-10 11:54:23,95236484,BV1TE411K7cx,1583841263,00:48,385535,96.0,48.0,385537,0,48,1776,4622,1542,0,0,49308,0,0,2,星海-科技,科技,星海
198,习近平考察火神山医院 看望慰问患者和医务工作者,"央视新闻
习近平考察火神山医院 看望慰问患者和医务工作者",2020-03-10 12:59:54,95237292,BV1KE411K7B2,1583845194,00:37,215884,96.0,61.0,215885,0,61,677,2584,566,0,0,35851,0,0,2,星海-科技,科技,星海
199,大连小伙走错车厢滞留武汉 成为战“疫”志愿者,"央视新闻
大连小伙走错车厢滞留武汉 成为战“疫”志愿者",2020-03-11 06:47:58,95410338,BV1UE411K7yL,1583909278,09:13,323584,138.0,1574.0,323595,2772,1574,3461,4064,2735,0,0,38762,0,0,2,搞笑-生活,生活,搞笑
200,【只有中国帮我们】意大利大使在美媒喊话-批欧盟无一国响应求援，只有中国帮我们,"青蜂侠
【只有中国帮我们】意大利大使在美媒喊话-批欧盟无一国响应求援，只有中国帮我们",2020-03-12 09:05:18,95717598,BV1dE411V7t6,1584003918,01:03,1429556,96.0,5077.0,1429628,2870,5077,4083,2579,1541,0,74,72045,0,0,2,星海-科技,科技,星海
201,【耿爽：知道什么意思吗？呵呵】美国官员就疫情向中国甩锅　耿爽：行有不得反求诸己。知道什么意思吗？呵呵,"外交部
【耿爽：知道什么意思吗？呵呵】美国官员就疫情向中国甩锅　耿爽：行有不得反求诸己。知道什么意思吗？呵呵",2020-03-13 02:22:09,95877065,BV1vE411571w,1584066129,03:27,2685520,39.0,7171.0,2685651,11016,7171,26403,29049,15175,0,37,206869,0,0,2,演讲· 公开课-科技,科技,演讲· 公开课
202,厉害了！用歼20技术制成全自动口罩机,"央视军事
为加快口罩生产，中国航空人应用制造歼-10、歼-20飞机的数字化技术，研制出全自动口罩生产机，目前已下线投产！每台机器可连续工作24小时，1分钟就能产100只口罩；24台机器的口罩日产能超300万只！看“航空气质”口罩机长啥样↓",2020-03-13 03:13:31,95885550,BV1mE41157Wo,1584069211,01:42,987555,96.0,4149.0,987620,2947,4149,6278,7187,5862,0,0,82176,0,0,2,星海-科技,科技,星海
203,89岁老兵：请将我和老伴的遗体献给国家,"中国军视网
【89岁老兵：请将我和老伴的遗体献给国家】日前，经过火神山医院医护人员1个多月的精心救治后，89岁老兵张振文和老伴一起康复出院。临走前，老两口做出了一个让人出乎意料的决定：百年归老后，将他们的遗体捐赠给国家！",2020-03-15 08:14:54,96488000,BV197411Z7Q6,1584260094,01:17,384750,96.0,2070.0,384773,2770,2070,3320,4404,606,0,0,54927,0,0,2,星海-科技,科技,星海
204,那年，他们风华正茂……,"那年，他们风华正茂…如今，他们国之栋梁！
来源：@共青团大邑县委",2020-03-15 13:46:42,96574512,BV187411f7ye,1584280002,00:21,627694,96.0,2383.0,627778,2166,2382,13472,17752,3686,0,0,81704,0,1,1,星海-科技,科技,星海
205,247秒，告诉你一个真实的火神山医院。,"来源：中央军委政治工作部宣传局、新华社解放军分社
如今，你我他之间，隔着一层薄薄的口罩，但疫情终会过去。
那个时候的武汉，樱花烂漫，热干面飘香。
待那时，摘下口罩，我们再拥抱。",2020-03-16 10:26:57,96762566,BV1q7411o7YB,1584354417,04:08,409511,96.0,2062.0,409539,5522,2062,12171,15262,2251,0,0,66524,0,0,2,星海-科技,科技,星海
206,塞尔维亚总统：只有中国能提供帮助，欧洲团结不存在的,"人民日报
【人类命运共同体】塞尔维亚总统：只有中国能提供帮助，欧洲团结不存在的",2020-03-16 11:09:44,96810325,BV1A7411Z7g5,1584356984,00:26,2196930,96.0,12908.0,2197005,5210,12908,13289,8634,8571,0,49,126539,0,0,2,星海-科技,科技,星海
207,“江湖再见！”,来源：人民日报微博,2020-03-17 12:50:08,97109018,BV1C7411d7Wi,1584449408,00:20,445609,96.0,1750.0,445629,1243,1750,3822,4666,1013,0,0,58049,0,0,2,星海-科技,科技,星海
208,外交部：中国愿派医疗专家组赴塞尔维亚,"来源：外交部发言人办公室
【外交部：中国愿派医疗专家组赴塞尔维亚】17日，外交部回应塞尔维亚总统求助，发言人耿爽表示，我们不会忘记塞尔维亚政府和人民对中方的支持。如今，塞尔维亚面临疫情威胁，我们将坚定同塞尔维亚人民站在一起并肩作战，愿意向塞方提供口罩、防护服等物资，派医疗专家组赴塞，分享防控诊疗经验。",2020-03-17 13:36:52,97122823,BV127411d7RK,1584452212,01:24,1528191,96.0,4091.0,1528247,5424,4091,6724,7276,1813,0,0,101028,0,0,2,星海-科技,科技,星海
209,启动临床实验！军队成功研制重组新冠疫苗,"央视军事
【启动临床实验！军队成功研制重组新冠疫苗】军事科学院军事医学研究院陈薇院士团队自1月26日抵达武汉以来，争分夺秒攻关，昨日疫苗获批启动临床试验！陈薇院士说：疫苗是终结新冠最有力的科技武器，这个武器如果由中国率先研制出来，有自己的知识产权，不仅体现中国科技的进步，也体现了我们的大国形象！",2020-03-18 00:49:08,97212672,BV157411o7qJ,1584492548,01:19,440232,96.0,4553.0,440270,1960,4553,3331,5457,6423,0,96,57444,0,0,2,星海-科技,科技,星海
210,耿爽：哪家美媒有意见可向美政府提出。中方不惹事，但也不怕事。,"外交部发言人办公室
耿爽：哪家美媒有意见可向美政府提出。中方不惹事，但也不怕事。",2020-03-18 13:11:07,97390925,BV1z7411R76j,1584537067,00:21,931312,96.0,4379.0,931338,1016,4379,4781,9052,1840,0,0,88898,0,0,2,星海-科技,科技,星海
211,【团员青年出来挨夸】中国共青团，一直在你身边,"制作：@Gk-loma
什么是青年人的担当？无论是在“雄关漫道真如铁”的革命年代、“人间正道是沧桑”的建设年代还是“长风破浪会有时”的新时代，在一次又一次血与火的大考中，青年总是挺身而出、冲锋在前。从来就没有哪一代人的青春是容易的，全民战疫的背后，有着无数青年的热血浇灌，数字清零、方舱关闭、医护还乡，充满斗志的青春却永恒绽放。这就是青年应有的样子，他们是能担当的一代，是值得信赖的一代。中国共青团，一直在你身边！",2020-03-19 08:13:04,97584279,BV1kE411P7A4,1584605584,03:42,149803,96.0,1813.0,149804,920,1813,1656,5283,864,0,0,27971,0,1,1,星海-科技,科技,星海
212,耿爽：一亿美元？别国收没收到我不清楚，中国没有。,"外交部发言人办公室
【耿爽：一亿美元？别国收没收到我不清楚，中国没有。】20日，外交部发言人耿爽在例行记者会上表示，有美国政府官员在多个场合曾经表示，将向包括中国在内的有关国家提供1亿美元的抗疫援助。别的国家是否收到我不清楚，但我可以明确地告诉你，迄今为止，中方从未收到来自美国政府的资金和援助。",2020-03-20 12:15:47,97931499,BV1BE411A75Z,1584706547,01:02,2966392,96.0,9799.0,2966647,5260,9799,13214,10989,9428,0,29,175983,0,0,2,星海-科技,科技,星海
213,耿爽：说中国产品带病毒的人别戴中国口罩,"外交部发言人办公室
【耿爽：说中国产品带病毒的人别戴中国口罩】3月20日，针对个别西方学者称从中国购买的产品都有新冠病毒言论，外交部发言人耿爽回应：我不知道这些人发表耸人听闻言论的目的是什么，是哗众取宠还是欺世盗名？如果有人说“中国制造有毒”，那么请说这种话的人面对疫情，不要戴中国制造的口罩，不要穿中国生产的防护服，不要用中国出口的呼吸机，以免染上病毒。",2020-03-21 03:15:03,98074209,BV1zE411c7PQ,1584760503,01:40,1095830,96.0,4491.0,1095936,4226,4491,7584,9365,3974,0,0,110357,0,0,2,星海-科技,科技,星海
